{
	"unchoosable": false,
	"powers": [
		"melody:is_empty",
		"melody:disc_cooldown",
		"melody:disc_cooldown_timer",
		"melody:disc_denied",
		"melody:cat",
		"melody:blocks",
		"melody:chirp",
		"melody:far",
		"melody:mall",
		"melody:mellohi",
		"melody:stal",
		"melody:strad",
		"melody:ward",
		"melody:wait",
		"melody:pigstep",
		"melody:otherside",
		"melody:otherside_notes",
		"melody:thirteen",
		"melody:eleven",
		"melody:magical_music",
		"melody:magical_music_bar",
		"melody:magical_music_reset_bar",
		"melody:magical_music_control",
		"melody:magical_music_state",
		"melody:magical_music_notes",
		"melody:magical_music_noteblock",
		"melody:magical_music_first_choice"
	],
	"icon": "minecraft:music_disc_far",
	"order": 10,
	"impact": 1,
	"name": "Melomanian",
	"loading_priority": 1,
	"description": "A wizard who mastered the magical power of music. Thanks to their enchanted walkman, discs reveal their true nature and gift the user with superhuman powers!\nIn order to play the disc just press a primary key on your keyboard."
}