{
	"type": "origins:multiple",
	"blindness": {
		"type": "origins:stacking_status_effect",
		"min_stacks": 0,
		"max_stacks": 2,
		"duration_per_stack": 20,
		"effect": {
			"effect": "minecraft:darkness",
			"is_ambinet": true,
			"show_particles": false,
			"show_icon": false
		},
		"condition": {
			"type": "origins:or",
			"conditions": [
				{
					"type": "origins:resource",
					"resource": "melody:five_active",
					"comparison": "<=",
					"compare_to": 39
				},
				{
					"type": "origins:resource",
					"resource": "melody:five_active",
					"comparison": ">=",
					"compare_to": 60
				}
			]
		}
	},
	"covered_in_sculk": {
		"type": "origins:action_on_callback",
		"entity_action_gained": {
			"type": "origins:and",
			"actions": [
				{
					"type": "origins:execute_command",
					"command": "team add wardens_ally"
				},
				{
					"type": "origins:execute_command",
					"command": "team join wardens_ally @s"
				},
				{
					"type": "origins:drop_inventory",
					"slot": "armor.head",
					"throw_randomly": true
				},
				{
					"type": "origins:execute_command",
					"command": "item replace entity @s armor.head with minecraft:sculk_catalyst{Enchantments:[{id:binding_curse,lvl:1}]}"
				},
				{
					"type": "origins:execute_command",
					"command": "particle minecraft:sculk_charge_pop ~ ~1 ~ 0.5 0.5 0.5 0 50"
				},
				{
					"type": "origins:execute_command",
					"command": "particle minecraft:sculk_soul ~ ~1 ~ 0.5 0.5 0.5 0 20"
				}
			]
		},
		"entity_action_lost": {
			"type": "origins:and",
			"actions": [
				{
					"type": "origins:execute_command",
					"command": "team leave @s"
				},
				{
					"type": "origins:execute_command",
					"command": "item replace entity @s armor.head with minecraft:air"
				},
				{
					"type": "origins:execute_command",
					"command": "particle minecraft:sculk_charge_pop ~ ~1 ~ 0.5 0.5 0.5 0 50"
				},
				{
					"type": "origins:execute_command",
					"command": "particle minecraft:sculk_soul ~ ~1 ~ 0.5 0.5 0.5 0 20"
				}
			]
		},
		"entity_action_respawned": {
			"type": "origins:and",
			"actions": [
				{
					"type": "origins:execute_command",
					"command": "team join wardens_ally @s"
				},
				{
					"type": "origins:execute_command",
					"command": "item replace entity @s armor.head with minecraft:sculk_catalyst{Enchantments:[{id:binding_curse,lvl:1}]}"
				},
				{
					"type": "origins:execute_command",
					"command": "particle minecraft:sculk_charge_pop ~ ~1 ~ 0.5 0.5 0.5 0 50"
				},
				{
					"type": "origins:execute_command",
					"command": "particle minecraft:sculk_soul ~ ~1 ~ 0.5 0.5 0.5 0 20"
				}
			]
		}
	},
	"bonus_xp": {
		"type": "origins:modify_xp_gain",
		"modifier": {
			"operation": "multiply_base",
			"value": 1
		}
	},
	"sonic_boom": {
		"type": "origins:active_self",
		"entity_action": {
			"type": "origins:raycast",
			"distance": 13,
			"blocks": false,
			"entity": true,
			"shape_type": "visual",
			"fluid_handling": "none",
			"bientity_action": {
				"type": "origins:and",
				"actions": [
					{
						"type": "origins:add_velocity",
						"z": 2
					},
					{
						"type": "origins:target_action",
						"action": {
							"type": "origins:damage",
							"amount": 10,
							"source": {
								"name": "sonic_boom"
							}
						}
					}
				]
			},
			"before_action": {
				"type": "origins:and",
				"actions": [
					{
						"type": "origins:execute_command",
						"command": "playsound minecraft:entity.warden.sonic_boom ambient @a ~ ~ ~"
					},
					{
						"type": "origins:add_velocity",
						"z": -2,
						"space": "local"
					}
				]
			},
			"command_along_ray": "particle minecraft:sonic_boom ~ ~ ~ 0 0 0 1 1 force"

		},
		"cooldown": 300,
		"hud_render": {
			"should_render": true,
			"sprite_location": "origins:textures/gui/community/spiderkolo/resource_bar_02.png",
			"bar_index": 15
		},
		"key": {
			"key": "key.origins.secondary_active"
		},
		"condition": {
			"type": "origins:and",
			"conditions": [
				{
					"type": "origins:equipped_item",
					"equipment_slot": "mainhand",
					"item_condition": {
						"type": "origins:ingredient",
						"ingredient": {
							"item": "minecraft:echo_shard"
						}
					},
					"inverted": true
				},
				{
					"type": "origins:resource",
    				"resource": "melody:five_powers_spread_sculk",
    				"comparison": "==",
    				"compare_to": 0
				}
			]
			
		}
	},
	"spread_sculk": {
		"type": "origins:active_self",
		"entity_action": {
			"type": "origins:and",
			"actions": [
				{
					"type": "origins:execute_command",
					"command": "place feature minecraft:sculk_patch_deep_dark"
				},
				{
					"type": "origins:equipped_item_action",
					"equipment_slot": "mainhand",
					"action": {
						"type": "origins:consume",
						"amount": 1
					}
				}
			]
		},
		"cooldown": 20,
		"hud_render": {
			"should_render": false
		},
		"key": {
			"key": "key.origins.secondary_active"
		},
		"condition": {
			"type": "origins:equipped_item",
			"equipment_slot": "mainhand",
			"item_condition": {
				"type": "origins:ingredient",
				"ingredient": {
					"item": "minecraft:echo_shard"
				}
			}
		}
	},
	"swift_sneak": {
		"type": "origins:prevent_game_event",
		"tag": "minecraft:vibrations"
	},
	"wardens_ally": {
		"type": "origins:action_over_time",
		"interval": 20,
		"entity_action": {
			"type": "origins:and",
			"actions": [
				{
					"type": "origins:execute_command",
					"command": "team join wardens_ally @e[type=minecraft:warden,distance=..16]"
				}
			]
		},
		"condition": {
			"type": "origins:command",
			"command": "execute if entity @e[type=minecraft:warden,distance=..16]",
			"comparison": "==",
			"compare_to": 1
		}
	},
	"delete_five": {
		"type": "origins:action_over_time",
		"interval": 20,
		"entity_action": {
			"type": "origins:if_else",
			"condition": {
				"type": "origins:resource",
				"resource": "melody:five_active",
				"comparison": "==",
				"compare_to": 178
			},
			"if_action": {
				"type": "origins:and",
				"actions": [
					{
						"type": "origins:execute_command",
						"command": "power remove @s melody:five_powers",
						"permission_level": 4
					},
					{
						"type": "origins:execute_command",
						"command": "power remove @s melody:five_active",
						"permission_level": 4
					},
					{
						"type": "origins:give",
						"stack": {
							"item": "minecraft:music_disc_5",
							"amount": 1
						}
					},
					{
						"type": "origins:execute_command",
						"command": "resource set @s melody:disc_cooldown 0",
						"permission_level": 4
					}
				]
			},
			"else_action": {
				"type": "origins:change_resource",
				"resource": "melody:five_active",
				"change": 1
			}
		}
	}
}