{
    "type": "origins:action_over_time",
    "interval": 20,
    "entity_action": {
        "type": "origins:and",
        "actions": [
            {
                "type": "origins:execute_command",
                "command": "power grant @s melody:otherside_portal_opened"
            },
            {
                "type": "origins:execute_command",
                "command": "tag @s add otherside_portal_opened"
            },
            {
                "type": "origins:execute_command",
                "command": "power remove @s melody:otherside_portal_closed"
            }
        ]
    },
    "condition": {
        "type": "origins:block_in_radius",
        "radius": 1,
        "shape": "cube",
        "comparison": ">",
        "compare_to": 0,
        "block_condition": {
            "type": "origins:nbt",
            "nbt": "{RecordItem:{id:'minecraft:music_disc_otherside',Count:1b}}"
        }
    }
}