{
	"type": "origins:active_self",
	"entity_action": {
		"type": "origins:if_else",
		"condition": {
			"type": "origins:and",
			"conditions": [
				{
					"type": "origins:equipped_item",
					"equipment_slot": "mainhand",
					"item_condition": {
						"type": "origins:ingredient",
						"ingredient": {
							"item": "minecraft:music_disc_relic"
						}
					}
				},
				{
					"type": "origins:resource",
					"resource": "melody:is_empty",
					"comparison": "==",
					"compare_to": 1
				}
			]
		},
		"if_action": {
			"type": "origins:and",
			"actions": [
				{
					"type": "origins:play_sound",
					"sound": "minecraft:music_disc.relic",
					"volume": 100
				},
				{
					"type": "origins:equipped_item_action",
					"equipment_slot": "mainhand",
					"action": {
						"type": "origins:consume",
						"amount": 1
					}
				},
				{
					"type": "origins:execute_command",
					"command": "resource set @s melody:is_empty 0",
					"permission_level": 4
				},
				{
					"type": "origins:execute_command",
					"command": "power grant @s melody:relic_active",
					"permission_level": 4
				},
				{
					"type": "origins:execute_command",
					"command": "power grant @s melody:relic_powers",
					"permission_level": 4
				},
				{
					"type": "origins:execute_command",
					"command": "function melody:disc/relic",
					"permission_level": 4
				}
			]
		}
	},
	"cooldown": 5,
	"hud_render": {
		"should_render": false
	},
	"key": {
		"key": "key.origins.primary_active"
	},
	"name": "§4§l§nRE§b§l§nLIC",
	"description": "An ancient disc summons a spirit of a traveler/shaman from the past.\n§aPros: precious treasure, discount, Pharaos's curse, pitcher plant trap\n§r§cCons: blurry vision, arch nemesis"
}