{
    "type": "origins:multiple",
    "pharaohs_curse": {
        "type": "origins:active_self",
		"entity_action": {
			"type": "origins:and",
            "actions": [
                {
                    "type": "origins:execute_command",
                    "command": "playsound minecraft:entity.evoker.prepare_wololo ambient @a ~ ~ ~"
                },
                {
                    "type": "origins:execute_command",
                    "command": "effect give @e[distance=0.1..10] minecraft:nausea 40 10"
                },
                {
                    "type": "origins:execute_command",
                    "command": "execute at @e[distance=0.1..10] run particle minecraft:dust 1.0 0.87 0.47 1.0 ~ ~1 ~ 0.2 0.5 0.2 1 50"
                }
            ]
		},
		"cooldown": 1600,
		"hud_render": {
			"should_render": true,
			"sprite_location": "origins:textures/gui/community/huang/resource_bar_01.png",
			"bar_index": 6
		},
		"key": {
            "key": "key.origins.secondary_active"
        },
        "condition": {
            "type": "origins:command",
            "command": "execute if entity @e[distance=0.1..10]",
            "comparison": ">",
            "compare_to": 0
        }
    },
    "discount": {
        "type": "origins:stacking_status_effect",
        "min_stacks": 2,
        "max_stacks": 3,
        "duration_per_stack": 20,
        "tick_rate": 20,
        "effect": {
            "effect": "minecraft:hero_of_the_village",
            "amplifier": 3,
            "is_ambient": true,
            "show_particles": false,
            "show_icon": false
        },
        "condition": {
            "type": "origins:status_effect",
            "effect": "minecraft:bad_omen",
            "inverted": true
        }
    },
    "trap_cooldown": {
        "type": "origins:cooldown",
        "cooldown": 1600,
        "hud_render": {
            "should_render": true,
			"sprite_location": "origins:textures/gui/resource_bar.png",
			"bar_index": 8
        }
    },
    "picther_plant_trap": {
        "type": "origins:action_on_entity_use",
        "bientity_action": {
            "type": "origins:and",
            "actions": [
                {
                    "type": "origins:target_action",
                    "action": {
                        "type": "origins:execute_command",
                        "command": "setblock ~ ~ ~ minecraft:pitcher_plant[half=lower] keep"
                    }
                },
                {
                    "type": "origins:target_action",
                    "action": {
                        "type": "origins:execute_command",
                        "command": "setblock ~ ~1 ~ minecraft:pitcher_plant[half=upper] keep"
                    }
                },
                {
                    "type": "origins:target_action",
                    "action": {
                        "type": "origins:execute_command",
                        "command": "playsound minecraft:item.crop.plant ambient @a ~ ~ ~ 1 0.5"
                    }
                },
                {
                    "type": "origins:target_action",
                    "action": {
                        "type": "origins:execute_command",
                        "command": "power grant @s melody:relic_pitcher_plant"
                    }
                },
                {
                    "type": "origins:actor_action",
                    "action": {
                        "type": "origins:trigger_cooldown",
                        "power": "melody:relic_powers_trap_cooldown"
                    }
                }
            ]
        },
        "item_condition": {
            "type": "origins:ingredient",
            "ingredient": {
                "item": "minecraft:pitcher_pod"
            }
        },
        "held_item_action": {
            "type": "origins:consume",
            "amount": 1
        },
        "bientity_condition": {
            "type": "origins:and",
            "conditions": [
                {
                    "type": "origins:target_condition",
                    "condition": {
                        "type": "origins:on_block",
                        "block_condition": {
                            "type": "origins:in_tag",
                            "tag": "minecraft:dirt"
                        }
                    }
                },
                {
                    "type": "origins:target_condition",
                    "condition": {
                        "type": "origins:in_block_anywhere",
                        "block_condition": {
                            "type": "origins:movement_blocking",
                            "inverted": true
                        }
                    }
                },
                {
                    "type": "origins:or",
                    "conditions": [
                        {
                            "type": "origins:target_condition",
                            "condition": {
                                "type": "origins:submerged_in",
                                "fluid": "minecraft:water"
                            }
                        },
                        {
                            "type": "origins:target_condition",
                            "condition": {
                                "type": "origins:submerged_in",
                                "fluid": "minecraft:lava"
                            }
                        }
                    ],
                    "inverted": true
                }
            ]
        },
        "condition": {
            "type": "origins:resource",
            "resource": "melody:relic_powers_trap_cooldown",
            "comparison": "==",
            "compare_to": 0
        }
    },
    "vision": {
        "type": "origins:shader",
        "shader": "minecraft:shaders/post/blobs2.json",
        "toggleable": "false"
    },
    "arch_nemesis": {
        "type": "origins:modify_damage_taken",
        "damage_condition": {
            "type": "origins:attacker",
            "entity_condition": {
                "type": "origins:entity_group",
                "group": "illager"
            }
        },
        "modifier": {
            "operation": "multiply_base_multiplicative",
            "value": 1
        }
    },
    "halo": {
        "type": "origins:particle",
        "particle": "minecraft:end_rod",
        "frequency": 4
    },
    "replace_desert_pyramid_archeology_loot_table": {
        "type": "origins:action_on_block_use",
        "block_condition": {
            "type": "origins:and",
            "conditions": [
                {
                    "type": "origins:block",
                    "block": "minecraft:suspicious_sand"
                },
                {
                    "type": "origins:nbt",
                    "nbt": "{LootTable: \"minecraft:archaeology/desert_pyramid\"}"
                }
            ]
        },
        "block_action": {
            "type": "origins:and",
            "actions": [
                {
                    "type": "origins:execute_command",
                    "command": "setblock ~ ~ ~ minecraft:air"
                },
                {
                    "type": "origins:choice",
                    "actions": [
                        {
                            "element": {
                                "type": "origins:execute_command",
                                "command": "setblock ~ ~ ~ minecraft:suspicious_sand{item: {id: 'minecraft:archer_pottery_sherd', Count: 1b}}"
                            },
                            "weight": 10
                        },
                        {
                            "element": {
                                "type": "origins:execute_command",
                                "command": "setblock ~ ~ ~ minecraft:suspicious_sand{item: {id: 'minecraft:miner_pottery_sherd', Count: 1b}}"
                            },
                            "weight": 10
                        },
                        {
                            "element": {
                                "type": "origins:execute_command",
                                "command": "setblock ~ ~ ~ minecraft:suspicious_sand{item: {id: 'minecraft:prize_pottery_sherd', Count: 1b}}"
                            },
                            "weight": 10
                        },
                        {
                            "element": {
                                "type": "origins:execute_command",
                                "command": "setblock ~ ~ ~ minecraft:suspicious_sand{item: {id: 'minecraft:skull_pottery_sherd', Count: 1b}}"
                            },
                            "weight": 10
                        },
                        {
                            "element": {
                                "type": "origins:execute_command",
                                "command": "setblock ~ ~ ~ minecraft:suspicious_sand{item: {id: 'minecraft:diamond', Count: 1b}}"
                            },
                            "weight": 5
                        },
                        {
                            "element": {
                                "type": "origins:execute_command",
                                "command": "setblock ~ ~ ~ minecraft:suspicious_sand{item: {id: 'minecraft:tnt', Count: 1b}}"
                            },
                            "weight": 1
                        },
                        {
                            "element": {
                                "type": "origins:execute_command",
                                "command": "setblock ~ ~ ~ minecraft:suspicious_sand{item: {id: 'minecraft:gunpowder', Count: 1b}}"
                            },
                            "weight": 1
                        },
                        {
                            "element": {
                                "type": "origins:execute_command",
                                "command": "setblock ~ ~ ~ minecraft:suspicious_sand{item: {id: 'minecraft:emerald', Count: 1b}}"
                            },
                            "weight": 5
                        }
                    ]
                }
            ]
            
        },
        "item_condition": {
            "type": "origins:ingredient",
            "ingredient": {
                "item": "minecraft:brush"
            }
        }
    },
    "replace_desert_well_archeology_loot_table": {
        "type": "origins:action_on_block_use",
        "block_condition": {
            "type": "origins:and",
            "conditions": [
                {
                    "type": "origins:block",
                    "block": "minecraft:suspicious_sand"
                },
                {
                    "type": "origins:nbt",
                    "nbt": "{LootTable: \"minecraft:archaeology/desert_well\"}"
                }
            ]
        },
        "block_action": {
            "type": "origins:and",
            "actions": [
                {
                    "type": "origins:execute_command",
                    "command": "setblock ~ ~ ~ minecraft:air"
                },
                {
                    "type": "origins:choice",
                    "actions": [
                        {
                            "element": {
                                "type": "origins:execute_command",
                                "command": "setblock ~ ~ ~ minecraft:suspicious_sand{item: {id: 'minecraft:arms_up_pottery_sherd', Count: 1b}}"
                            },
                            "weight": 10
                        },
                        {
                            "element": {
                                "type": "origins:execute_command",
                                "command": "setblock ~ ~ ~ minecraft:suspicious_sand{item: {id: 'minecraft:brewer_pottery_sherd', Count: 1b}}"
                            },
                            "weight": 10
                        },
                        {
                            "element": {
                                "type": "origins:execute_command",
                                "command": "setblock ~ ~ ~ minecraft:suspicious_sand{item: {id: 'minecraft:brick', Count: 1b}}"
                            },
                            "weight": 1
                        },
                        {
                            "element": {
                                "type": "origins:execute_command",
                                "command": "setblock ~ ~ ~ minecraft:suspicious_sand{item: {id: 'minecraft:emerald', Count: 1b}}"
                            },
                            "weight": 5
                        },
                        {
                            "element": {
                                "type": "origins:execute_command",
                                "command": "setblock ~ ~ ~ minecraft:suspicious_sand{item: {id: 'minecraft:stick', Count: 1b}}"
                            },
                            "weight": 1
                        }
                    ]
                }
            ]
            
        },
        "item_condition": {
            "type": "origins:ingredient",
            "ingredient": {
                "item": "minecraft:brush"
            }
        }
    },
    "replace_ocean_ruin_cold_archeology_loot_table": {
        "type": "origins:action_on_block_use",
        "block_condition": {
            "type": "origins:and",
            "conditions": [
                {
                    "type": "origins:block",
                    "block": "minecraft:suspicious_gravel"
                },
                {
                    "type": "origins:nbt",
                    "nbt": "{LootTable: \"minecraft:archaeology/ocean_ruin_cold\"}"
                }
            ]
        },
        "block_action": {
            "type": "origins:and",
            "actions": [
                {
                    "type": "origins:execute_command",
                    "command": "setblock ~ ~ ~ minecraft:air"
                },
                {
                    "type": "origins:choice",
                    "actions": [
                        {
                            "element": {
                                "type": "origins:execute_command",
                                "command": "setblock ~ ~ ~ minecraft:suspicious_gravel{item: {id: 'minecraft:blade_pottery_sherd', Count: 1b}}"
                            },
                            "weight": 10
                        },
                        {
                            "element": {
                                "type": "origins:execute_command",
                                "command": "setblock ~ ~ ~ minecraft:suspicious_gravel{item: {id: 'minecraft:explorer_pottery_sherd', Count: 1b}}"
                            },
                            "weight": 10
                        },
                        {
                            "element": {
                                "type": "origins:execute_command",
                                "command": "setblock ~ ~ ~ minecraft:suspicious_gravel{item: {id: 'minecraft:mourner_pottery_sherd', Count: 1b}}"
                            },
                            "weight": 10
                        },
                        {
                            "element": {
                                "type": "origins:execute_command",
                                "command": "setblock ~ ~ ~ minecraft:suspicious_gravel{item: {id: 'minecraft:plenty_pottery_sherd', Count: 1b}}"
                            },
                            "weight": 10
                        },
                        {
                            "element": {
                                "type": "origins:execute_command",
                                "command": "setblock ~ ~ ~ minecraft:suspicious_gravel{item: {id: 'minecraft:iron_axe', Count: 1b}}"
                            },
                            "weight": 2
                        },
                        {
                            "element": {
                                "type": "origins:execute_command",
                                "command": "setblock ~ ~ ~ minecraft:suspicious_gravel{item: {id: 'minecraft:emerald', Count: 1b}}"
                            },
                            "weight": 5
                        },
                        {
                            "element": {
                                "type": "origins:execute_command",
                                "command": "setblock ~ ~ ~ minecraft:suspicious_gravel{item: {id: 'minecraft:wheat', Count: 1b}}"
                            },
                            "weight": 1
                        },
                        {
                            "element": {
                                "type": "origins:execute_command",
                                "command": "setblock ~ ~ ~ minecraft:suspicious_gravel{item: {id: 'minecraft:wooden_hoe', Count: 1b}}"
                            },
                            "weight": 1
                        },
                        {
                            "element": {
                                "type": "origins:execute_command",
                                "command": "setblock ~ ~ ~ minecraft:suspicious_gravel{item: {id: 'minecraft:coal', Count: 1b}}"
                            },
                            "weight": 1
                        },
                        {
                            "element": {
                                "type": "origins:execute_command",
                                "command": "setblock ~ ~ ~ minecraft:suspicious_gravel{item: {id: 'minecraft:gold_nugget', Count: 1b}}"
                            },
                            "weight": 1
                        }
                    ]
                }
            ]
            
        },
        "item_condition": {
            "type": "origins:ingredient",
            "ingredient": {
                "item": "minecraft:brush"
            }
        }
    },
    "replace_ocean_ruin_warm_archeology_loot_table": {
        "type": "origins:action_on_block_use",
        "block_condition": {
            "type": "origins:and",
            "conditions": [
                {
                    "type": "origins:block",
                    "block": "minecraft:suspicious_sand"
                },
                {
                    "type": "origins:nbt",
                    "nbt": "{LootTable: \"minecraft:archaeology/ocean_ruin_warm\"}"
                }
            ]
        },
        "block_action": {
            "type": "origins:and",
            "actions": [
                {
                    "type": "origins:execute_command",
                    "command": "setblock ~ ~ ~ minecraft:air"
                },
                {
                    "type": "origins:choice",
                    "actions": [
                        {
                            "element": {
                                "type": "origins:execute_command",
                                "command": "setblock ~ ~ ~ minecraft:suspicious_sand{item: {id: 'minecraft:angler_pottery_sherd', Count: 1b}}"
                            },
                            "weight": 10
                        },
                        {
                            "element": {
                                "type": "origins:execute_command",
                                "command": "setblock ~ ~ ~ minecraft:suspicious_sand{item: {id: 'minecraft:shelter_pottery_sherd', Count: 1b}}"
                            },
                            "weight": 10
                        },
                        {
                            "element": {
                                "type": "origins:execute_command",
                                "command": "setblock ~ ~ ~ minecraft:suspicious_sand{item: {id: 'minecraft:snort_pottery_sherd', Count: 1b}}"
                            },
                            "weight": 10
                        },
                        {
                            "element": {
                                "type": "origins:execute_command",
                                "command": "setblock ~ ~ ~ minecraft:suspicious_sand{item: {id: 'minecraft:sniffer_egg', Count: 1b}}"
                            },
                            "weight": 10
                        },
                        {
                            "element": {
                                "type": "origins:execute_command",
                                "command": "setblock ~ ~ ~ minecraft:suspicious_sand{item: {id: 'minecraft:iron_axe', Count: 1b}}"
                            },
                            "weight": 2
                        },
                        {
                            "element": {
                                "type": "origins:execute_command",
                                "command": "setblock ~ ~ ~ minecraft:suspicious_sand{item: {id: 'minecraft:emerald', Count: 1b}}"
                            },
                            "weight": 5
                        },
                        {
                            "element": {
                                "type": "origins:execute_command",
                                "command": "setblock ~ ~ ~ minecraft:suspicious_sand{item: {id: 'minecraft:wheat', Count: 1b}}"
                            },
                            "weight": 1
                        },
                        {
                            "element": {
                                "type": "origins:execute_command",
                                "command": "setblock ~ ~ ~ minecraft:suspicious_sand{item: {id: 'minecraft:wooden_hoe', Count: 1b}}"
                            },
                            "weight": 1
                        },
                        {
                            "element": {
                                "type": "origins:execute_command",
                                "command": "setblock ~ ~ ~ minecraft:suspicious_sand{item: {id: 'minecraft:coal', Count: 1b}}"
                            },
                            "weight": 1
                        },
                        {
                            "element": {
                                "type": "origins:execute_command",
                                "command": "setblock ~ ~ ~ minecraft:suspicious_sand{item: {id: 'minecraft:gold_nugget', Count: 1b}}"
                            },
                            "weight": 1
                        }
                    ]
                }
            ]
            
        },
        "item_condition": {
            "type": "origins:ingredient",
            "ingredient": {
                "item": "minecraft:brush"
            }
        }
    },
    "replace_trail_ruins_common_archeology_loot_table": {
        "type": "origins:action_on_block_use",
        "block_condition": {
            "type": "origins:and",
            "conditions": [
                {
                    "type": "origins:block",
                    "block": "minecraft:suspicious_gravel"
                },
                {
                    "type": "origins:nbt",
                    "nbt": "{LootTable: \"minecraft:archaeology/trail_ruins_common\"}"
                }
            ]
        },
        "block_action": {
            "type": "origins:and",
            "actions": [
                {
                    "type": "origins:execute_command",
                    "command": "setblock ~ ~ ~ minecraft:air"
                },
                {
                    "type": "origins:choice",
                    "actions": [
                        {
                            "element": {
                                "type": "origins:execute_command",
                                "command": "setblock ~ ~ ~ minecraft:suspicious_gravel{item: {id: 'minecraft:emerald', Count: 1b}}"
                            },
                            "weight": 5
                        },
                        {
                            "element": {
                                "type": "origins:execute_command",
                                "command": "setblock ~ ~ ~ minecraft:suspicious_gravel{item: {id: 'minecraft:wheat', Count: 1b}}"
                            },
                            "weight": 1
                        },
                        {
                            "element": {
                                "type": "origins:execute_command",
                                "command": "setblock ~ ~ ~ minecraft:suspicious_gravel{item: {id: 'minecraft:wooden_hoe', Count: 1b}}"
                            },
                            "weight": 1
                        },
                        {
                            "element": {
                                "type": "origins:execute_command",
                                "command": "setblock ~ ~ ~ minecraft:suspicious_gravel{item: {id: 'minecraft:clay', Count: 1b}}"
                            },
                            "weight": 1
                        },
                        {
                            "element": {
                                "type": "origins:execute_command",
                                "command": "setblock ~ ~ ~ minecraft:suspicious_gravel{item: {id: 'minecraft:brick', Count: 1b}}"
                            },
                            "weight": 1
                        },
                        {
                            "element": {
                                "type": "origins:execute_command",
                                "command": "setblock ~ ~ ~ minecraft:suspicious_gravel{item: {id: 'minecraft:yellow_dye', Count: 1b}}"
                            },
                            "weight": 1
                        },
                        {
                            "element": {
                                "type": "origins:execute_command",
                                "command": "setblock ~ ~ ~ minecraft:suspicious_gravel{item: {id: 'minecraft:blue_dye', Count: 1b}}"
                            },
                            "weight": 1
                        },
                        {
                            "element": {
                                "type": "origins:execute_command",
                                "command": "setblock ~ ~ ~ minecraft:suspicious_gravel{item: {id: 'minecraft:light_blue_dye', Count: 1b}}"
                            },
                            "weight": 1
                        },
                        {
                            "element": {
                                "type": "origins:execute_command",
                                "command": "setblock ~ ~ ~ minecraft:suspicious_gravel{item: {id: 'minecraft:white_dye', Count: 1b}}"
                            },
                            "weight": 1
                        },
                        {
                            "element": {
                                "type": "origins:execute_command",
                                "command": "setblock ~ ~ ~ minecraft:suspicious_gravel{item: {id: 'minecraft:orange_dye', Count: 1b}}"
                            },
                            "weight": 1
                        },
                        {
                            "element": {
                                "type": "origins:execute_command",
                                "command": "setblock ~ ~ ~ minecraft:suspicious_gravel{item: {id: 'minecraft:red_candle', Count: 1b}}"
                            },
                            "weight": 2
                        },
                        {
                            "element": {
                                "type": "origins:execute_command",
                                "command": "setblock ~ ~ ~ minecraft:suspicious_gravel{item: {id: 'minecraft:green_candle', Count: 1b}}"
                            },
                            "weight": 2
                        },
                        {
                            "element": {
                                "type": "origins:execute_command",
                                "command": "setblock ~ ~ ~ minecraft:suspicious_gravel{item: {id: 'minecraft:purple_candle', Count: 1b}}"
                            },
                            "weight": 2
                        },
                        {
                            "element": {
                                "type": "origins:execute_command",
                                "command": "setblock ~ ~ ~ minecraft:suspicious_gravel{item: {id: 'minecraft:brown_candle', Count: 1b}}"
                            },
                            "weight": 2
                        },
                        {
                            "element": {
                                "type": "origins:execute_command",
                                "command": "setblock ~ ~ ~ minecraft:suspicious_gravel{item: {id: 'minecraft:magenta_stained_glass_pane', Count: 1b}}"
                            },
                            "weight": 5
                        },
                        {
                            "element": {
                                "type": "origins:execute_command",
                                "command": "setblock ~ ~ ~ minecraft:suspicious_gravel{item: {id: 'minecraft:pink_stained_glass_pane', Count: 1b}}"
                            },
                            "weight": 5
                        },
                        {
                            "element": {
                                "type": "origins:execute_command",
                                "command": "setblock ~ ~ ~ minecraft:suspicious_gravel{item: {id: 'minecraft:blue_stained_glass_pane', Count: 1b}}"
                            },
                            "weight": 5
                        },
                        {
                            "element": {
                                "type": "origins:execute_command",
                                "command": "setblock ~ ~ ~ minecraft:suspicious_gravel{item: {id: 'minecraft:light_blue_stained_glass_pane', Count: 1b}}"
                            },
                            "weight": 5
                        },
                        {
                            "element": {
                                "type": "origins:execute_command",
                                "command": "setblock ~ ~ ~ minecraft:suspicious_gravel{item: {id: 'minecraft:red_stained_glass_pane', Count: 1b}}"
                            },
                            "weight": 5
                        },
                        {
                            "element": {
                                "type": "origins:execute_command",
                                "command": "setblock ~ ~ ~ minecraft:suspicious_gravel{item: {id: 'minecraft:yellow_stained_glass_pane', Count: 1b}}"
                            },
                            "weight": 5
                        },
                        {
                            "element": {
                                "type": "origins:execute_command",
                                "command": "setblock ~ ~ ~ minecraft:suspicious_gravel{item: {id: 'minecraft:purple_stained_glass_pane', Count: 1b}}"
                            },
                            "weight": 5
                        },
                        {
                            "element": {
                                "type": "origins:execute_command",
                                "command": "setblock ~ ~ ~ minecraft:suspicious_gravel{item: {id: 'minecraft:spruce_hanging_sign', Count: 1b}}"
                            },
                            "weight": 2
                        },
                        {
                            "element": {
                                "type": "origins:execute_command",
                                "command": "setblock ~ ~ ~ minecraft:suspicious_gravel{item: {id: 'minecraft:oak_hanging_sign', Count: 1b}}"
                            },
                            "weight": 2
                        },
                        {
                            "element": {
                                "type": "origins:execute_command",
                                "command": "setblock ~ ~ ~ minecraft:suspicious_gravel{item: {id: 'minecraft:gold_nugget', Count: 1b}}"
                            },
                            "weight": 1
                        },
                        {
                            "element": {
                                "type": "origins:execute_command",
                                "command": "setblock ~ ~ ~ minecraft:suspicious_gravel{item: {id: 'minecraft:coal', Count: 1b}}"
                            },
                            "weight": 1
                        },
                        {
                            "element": {
                                "type": "origins:execute_command",
                                "command": "setblock ~ ~ ~ minecraft:suspicious_gravel{item: {id: 'minecraft:wheat_seeds', Count: 1b}}"
                            },
                            "weight": 1
                        },
                        {
                            "element": {
                                "type": "origins:execute_command",
                                "command": "setblock ~ ~ ~ minecraft:suspicious_gravel{item: {id: 'minecraft:beetroot_seeds', Count: 1b}}"
                            },
                            "weight": 1
                        },
                        {
                            "element": {
                                "type": "origins:execute_command",
                                "command": "setblock ~ ~ ~ minecraft:suspicious_gravel{item: {id: 'minecraft:dead_bush', Count: 1b}}"
                            },
                            "weight": 1
                        },
                        {
                            "element": {
                                "type": "origins:execute_command",
                                "command": "setblock ~ ~ ~ minecraft:suspicious_gravel{item: {id: 'minecraft:flower_pot', Count: 1b}}"
                            },
                            "weight": 1
                        },
                        {
                            "element": {
                                "type": "origins:execute_command",
                                "command": "setblock ~ ~ ~ minecraft:suspicious_gravel{item: {id: 'minecraft:string', Count: 1b}}"
                            },
                            "weight": 1
                        },
                        {
                            "element": {
                                "type": "origins:execute_command",
                                "command": "setblock ~ ~ ~ minecraft:suspicious_gravel{item: {id: 'minecraft:lead', Count: 1b}}"
                            },
                            "weight": 2
                        },
                        {
                            "element": {
                                "type": "origins:execute_command",
                                "command": "setblock ~ ~ ~ minecraft:suspicious_gravel{item: {id: 'minecraft:burn_pottery_sherd', Count: 1b}}"
                            },
                            "weight": 10
                        },
                        {
                            "element": {
                                "type": "origins:execute_command",
                                "command": "setblock ~ ~ ~ minecraft:suspicious_gravel{item: {id: 'minecraft:danger_pottery_sherd', Count: 1b}}"
                            },
                            "weight": 10
                        },
                        {
                            "element": {
                                "type": "origins:execute_command",
                                "command": "setblock ~ ~ ~ minecraft:suspicious_gravel{item: {id: 'minecraft:friend_pottery_sherd', Count: 1b}}"
                            },
                            "weight": 10
                        },
                        {
                            "element": {
                                "type": "origins:execute_command",
                                "command": "setblock ~ ~ ~ minecraft:suspicious_gravel{item: {id: 'minecraft:heart_pottery_sherd', Count: 1b}}"
                            },
                            "weight": 10
                        },
                        {
                            "element": {
                                "type": "origins:execute_command",
                                "command": "setblock ~ ~ ~ minecraft:suspicious_gravel{item: {id: 'minecraft:heartbreak_pottery_sherd', Count: 1b}}"
                            },
                            "weight": 10
                        },
                        {
                            "element": {
                                "type": "origins:execute_command",
                                "command": "setblock ~ ~ ~ minecraft:suspicious_gravel{item: {id: 'minecraft:howl_pottery_sherd', Count: 1b}}"
                            },
                            "weight": 10
                        },
                        {
                            "element": {
                                "type": "origins:execute_command",
                                "command": "setblock ~ ~ ~ minecraft:suspicious_gravel{item: {id: 'minecraft:sheaf_pottery_sherd', Count: 1b}}"
                            },
                            "weight": 10
                        },
                        {
                            "element": {
                                "type": "origins:execute_command",
                                "command": "setblock ~ ~ ~ minecraft:suspicious_gravel{item: {id: 'minecraft:wayfinder_armor_trim_smithing_template', Count: 1b}}"
                            },
                            "weight": 8
                        },
                        {
                            "element": {
                                "type": "origins:execute_command",
                                "command": "setblock ~ ~ ~ minecraft:suspicious_gravel{item: {id: 'minecraft:raiser_armor_trim_smithing_template', Count: 1b}}"
                            },
                            "weight": 8
                        },
                        {
                            "element": {
                                "type": "origins:execute_command",
                                "command": "setblock ~ ~ ~ minecraft:suspicious_gravel{item: {id: 'minecraft:shaper_armor_trim_smithing_template', Count: 1b}}"
                            },
                            "weight": 8
                        },
                        {
                            "element": {
                                "type": "origins:execute_command",
                                "command": "setblock ~ ~ ~ minecraft:suspicious_gravel{item: {id: 'minecraft:host_armor_trim_smithing_template', Count: 1b}}"
                            },
                            "weight": 8
                        },
                        {
                            "element": {
                                "type": "origins:execute_command",
                                "command": "setblock ~ ~ ~ minecraft:suspicious_gravel{item: {id: 'minecraft:music_disc_relic', Count: 1b}}"
                            },
                            "weight": 9
                        }
                    ]
                }
            ]
            
        },
        "item_condition": {
            "type": "origins:ingredient",
            "ingredient": {
                "item": "minecraft:brush"
            }
        }
    },
    "replace_abandoned_mineshaft_chests_loot_table": {
        "type": "origins:replace_loot_table",
        "replace": {
            "minecraft:chests/abandoned_mineshaft": "melody:chests/abandoned_mineshaft"
        }
    },
    "replace_ancient_city_chests_loot_table": {
        "type": "origins:replace_loot_table",
        "replace": {
            "minecraft:chests/ancient_city": "melody:chests/ancient_city"
        }
    },
    "replace_ancient_city_ice_box_chests_loot_table": {
        "type": "origins:replace_loot_table",
        "replace": {
            "minecraft:chests/ancient_city_ice_box": "melody:chests/ancient_city_ice_box"
        }
    },
    "replace_bastion_bridge_chests_loot_table": {
        "type": "origins:replace_loot_table",
        "replace": {
            "minecraft:chests/bastion_bridge": "melody:chests/bastion_bridge"
        }
    },
    "replace_bastion_hoglin_stable_chests_loot_table": {
        "type": "origins:replace_loot_table",
        "replace": {
            "minecraft:chests/bastion_hoglin_stable": "melody:chests/bastion_hoglin_stable"
        }
    },
    "replace_bastion_other_chests_loot_table": {
        "type": "origins:replace_loot_table",
        "replace": {
            "minecraft:chests/bastion_other": "melody:chests/bastion_other"
        }
    },
    "replace_bastion_treasure_chests_loot_table": {
        "type": "origins:replace_loot_table",
        "replace": {
            "minecraft:chests/bastion_treasure": "melody:chests/bastion_treasure"
        }
    },
    "replace_buried_treasure_chests_loot_table": {
        "type": "origins:replace_loot_table",
        "replace": {
            "minecraft:chests/buried_treasure": "melody:chests/buried_treasure"
        }
    },
    "replace_desert_pyramid_chests_loot_table": {
        "type": "origins:replace_loot_table",
        "replace": {
            "minecraft:chests/desert_pyramid": "melody:chests/desert_pyramid"
        }
    },
    "replace_end_city_treasure_chests_loot_table": {
        "type": "origins:replace_loot_table",
        "replace": {
            "minecraft:chests/end_city_treasure": "melody:chests/end_city_treasure"
        }
    },
    "replace_igloo_chest_chests_loot_table": {
        "type": "origins:replace_loot_table",
        "replace": {
            "minecraft:chests/igloo_chest": "melody:chests/igloo_chest"
        }
    },
    "replace_jungle_temple_chests_loot_table": {
        "type": "origins:replace_loot_table",
        "replace": {
            "minecraft:chests/jungle_temple": "melody:chests/jungle_temple"
        }
    },
    "replace_jungle_temple_dispenser_chests_loot_table": {
        "type": "origins:replace_loot_table",
        "replace": {
            "minecraft:chests/jungle_temple_dispenser": "melody:chests/jungle_temple_dispenser"
        }
    },
    "replace_nether_bridge_chests_loot_table": {
        "type": "origins:replace_loot_table",
        "replace": {
            "minecraft:chests/nether_bridge": "melody:chests/nether_bridge"
        }
    },
    "replace_pillager_outpost_chests_loot_table": {
        "type": "origins:replace_loot_table",
        "replace": {
            "minecraft:chests/pillager_outpost": "melody:chests/pillager_outpost"
        }
    },
    "replace_ruined_portal_chests_loot_table": {
        "type": "origins:replace_loot_table",
        "replace": {
            "minecraft:chests/ruined_portal": "melody:chests/ruined_portal"
        }
    },
    "replace_shipwreck_map_chests_loot_table": {
        "type": "origins:replace_loot_table",
        "replace": {
            "minecraft:chests/shipwreck_map": "melody:chests/shipwreck_map"
        }
    },
    "replace_shipwreck_supply_chests_loot_table": {
        "type": "origins:replace_loot_table",
        "replace": {
            "minecraft:chests/shipwreck_supply": "melody:chests/shipwreck_supply"
        }
    },
    "replace_shipwreck_treasure_chests_loot_table": {
        "type": "origins:replace_loot_table",
        "replace": {
            "minecraft:chests/shipwreck_treasure": "melody:chests/shipwreck_treasure"
        }
    },
    "replace_simple_dungeon_chests_loot_table": {
        "type": "origins:replace_loot_table",
        "replace": {
            "minecraft:chests/simple_dungeon": "melody:chests/simple_dungeon"
        }
    },
    "replace_stronghold_corridor_chests_loot_table": {
        "type": "origins:replace_loot_table",
        "replace": {
            "minecraft:chests/stronghold_corridor": "melody:chests/stronghold_corridor"
        }
    },
    "replace_stronghold_crossing_chests_loot_table": {
        "type": "origins:replace_loot_table",
        "replace": {
            "minecraft:chests/stronghold_crossing": "melody:chests/stronghold_crossing"
        }
    },
    "replace_stronghold_library_chests_loot_table": {
        "type": "origins:replace_loot_table",
        "replace": {
            "minecraft:chests/stronghold_library": "melody:chests/stronghold_library"
        }
    },
    "replace_underwater_ruin_big_chests_loot_table": {
        "type": "origins:replace_loot_table",
        "replace": {
            "minecraft:chests/underwater_ruin_big": "melody:chests/underwater_ruin_big"
        }
    },
    "replace_underwater_ruin_small_chests_loot_table": {
        "type": "origins:replace_loot_table",
        "replace": {
            "minecraft:chests/underwater_ruin_small": "melody:chests/underwater_ruin_small"
        }
    },
    "replace_woodland_mansion_chests_loot_table": {
        "type": "origins:replace_loot_table",
        "replace": {
            "minecraft:chests/woodland_mansion": "melody:chests/woodland_mansion"
        }
    },
    "delete_relic": {
		"type": "origins:action_over_time",
		"interval": 20,
		"entity_action": {
			"type": "origins:if_else",
			"condition": {
				"type": "origins:resource",
				"resource": "melody:relic_active",
				"comparison": "==",
				"compare_to": 218
			},
			"if_action": {
				"type": "origins:and",
				"actions": [
					{
						"type": "origins:execute_command",
						"command": "power remove @s melody:relic_powers",
						"permission_level": 4
					},
					{
						"type": "origins:execute_command",
						"command": "power remove @s melody:relic_active",
						"permission_level": 4
					},
					{
						"type": "origins:give",
						"stack": {
							"item": "minecraft:music_disc_relic",
							"amount": 1
						}
					},
					{
						"type": "origins:execute_command",
						"command": "resource set @s melody:disc_cooldown 0",
						"permission_level": 4
					}
				]
			},
			"else_action": {
				"type": "origins:change_resource",
				"resource": "melody:relic_active",
				"change": 1
			}
		}
	}
}