{
	"type": "origins:multiple",
	"black_and_white": {
		"type": "origins:shader",
		"shader": "minecraft:shaders/post/pencil.json"
	},
	"observant_activate": {
		"type": "origins:active_self",
		"entity_action": {
			"type": "origins:play_sound",
			"sound": "minecraft:block.beacon.power_select",
			"pitch": 2
		},
		"cooldown": 100,
		"hud_render": {
			"should_render": true,
			"sprite_location": "origins:textures/gui/community/spiderkolo/resource_bar_02.png",
			"bar_index": 7
		},
		"key": {
			"key": "key.origins.secondary_active"
		}
	},
	"observant": {
		"type": "origins:entity_glow",
		"entity_condition": {
			"type": "origins:power",
			"power": "melody:stal_tag"
		},
		"condition": {
			"type": "origins:resource",
			"resource": "melody:stal_powers_observant_activate",
			"comparison": "!=",
			"compare_to": 0
		}
	},
	"give_stal_tag": {
		"type": "origins:action_over_time",
		"interval": 20,
		"entity_action": {
			"type": "origins:execute_command",
			"command": "power grant @e[distance=0.1..16,type=!minecraft:armor_stand] melody:stal_tag",
			"permission_level": 4
		},
		"condition": {
			"type": "origins:and",
			"conditions": [
				{
					"type": "origins:command",
					"command": "execute if entity @e[distance=0.1..16]",
					"comparison": ">",
					"compare_to": 0
				},
				{
					"type": "origins:resource",
					"resource": "melody:stal_powers_observant_activate",
					"comparison": "!=",
					"compare_to": 0
				}
			]
		}
	},
	"gun": {
		"type": "origins:modify_projectile_damage",
		"modifier": {
			"operation": "addition",
			"value": 4.5
		},
		"target_action": {
			"type": "origins:apply_effect",
			"effect": {
				"effect": "minecraft:glowing",
				"duration": 600,
				"is_ambient": true,
				"show_particles": false,
				"show_icon": false
			}
		}
	},
	"fit": {
		"type": "origins:modify_exhaustion",
		"modifier": {
			"operation": "multiply_total",
			"value": -0.5
		}
	},
	"delete_stal": {
		"type": "origins:action_over_time",
		"interval": 20,
		"entity_action": {
			"type": "origins:if_else",
			"condition": {
				"type": "origins:resource",
				"resource": "melody:stal_active",
				"comparison": "==",
				"compare_to": 150
			},
			"if_action": {
				"type": "origins:and",
				"actions": [
					{
						"type": "origins:execute_command",
						"command": "power remove @s melody:stal_powers",
						"permission_level": 4
					},
					{
						"type": "origins:execute_command",
						"command": "power remove @s melody:stal_active",
						"permission_level": 4
					},
					{
						"type": "origins:give",
						"stack": {
							"item": "minecraft:music_disc_stal",
							"amount": 1
						}
					},
					{
						"type": "origins:execute_command",
						"command": "resource set @s melody:disc_cooldown 0",
						"permission_level": 4
					}
				]
			},
			"else_action": {
				"type": "origins:change_resource",
				"resource": "melody:stal_active",
				"change": 1
			}
		}
	}
}