{
    "type": "minecraft:chest",
    "pools": [
      {
        "bonus_rolls": 0.0,
        "entries": [
          {
            "type": "minecraft:item",
            "functions": [
              {
                "add": false,
                "count": {
                  "type": "minecraft:uniform",
                  "max": 3.0,
                  "min": 1.0
                },
                "function": "minecraft:set_count"
              }
            ],
            "name": "minecraft:emerald",
            "weight": 30
          },
          {
            "type": "minecraft:item",
            "functions": [
              {
                "add": false,
                "count": {
                  "type": "minecraft:uniform",
                  "max": 8.0,
                  "min": 2.0
                },
                "function": "minecraft:set_count"
              }
            ],
            "name": "minecraft:arrow",
            "weight": 10
          },
          {
            "type": "minecraft:item",
            "functions": [
              {
                "add": false,
                "count": {
                  "type": "minecraft:uniform",
                  "max": 2.0,
                  "min": 1.0
                },
                "function": "minecraft:set_count"
              }
            ],
            "name": "minecraft:iron_ingot",
            "weight": 2
          },
          {
            "type": "minecraft:item",
            "functions": [
              {
                "add": false,
                "count": 1.0,
                "function": "minecraft:set_count"
              }
            ],
            "name": "minecraft:trial_key",
            "weight": 10
          },
          {
            "type": "minecraft:item",
            "name": "minecraft:music_disc_creator_music_box",
            "weight": 5
          },
          {
            "type": "minecraft:item",
            "functions": [
              {
                "add": false,
                "count": {
                  "type": "minecraft:uniform",
                  "max": 2.0,
                  "min": 1.0
                },
                "function": "minecraft:set_count"
              }
            ],
            "name": "minecraft:diamond",
            "weight": 20
          },
          {
            "type": "minecraft:item",
            "functions": [
              {
                "add": false,
                "count": 1.0,
                "function": "minecraft:set_count"
              }
            ],
            "name": "minecraft:emerald_block",
            "weight": 5
          },
          {
            "type": "minecraft:item",
            "functions": [
              {
                "add": false,
                "count": 1.0,
                "function": "minecraft:set_count"
              }
            ],
            "name": "minecraft:diamond_block",
            "weight": 4
          }
        ],
        "rolls": 1.0
      }
    ],
    "random_sequence": "minecraft:pots/trial_chambers/corridor"
  }