{
    "config": {
      "layers": [
        {
            "height": 1,
            "provider": {
              "type": "minecraft:weighted_state_provider",
              "entries": [
                {
                   "data": {
                       "Name": "minecraft:oak_fence"
                   },
                   "weight": 1
                },
                {
                  "data": {
                      "Name": "minecraft:dark_oak_fence"
                  },
                  "weight": 1
                },
                {
                  "data": {
                      "Name": "minecraft:spruce_fence"
                  },
                  "weight": 1
                }
              ]
            }
        },
        {
          "height": {
            "type": "minecraft:uniform",
            "value": {
              "min_inclusive": 2,
              "max_inclusive": 5
            }
          },
          "provider": {
            "state": {
                "Name": "minecraft:iron_block"
            },
            "type": "minecraft:simple_state_provider"
          }
        }
      ],
      "direction": "down",
      "allowed_placement": {
        "blocks": "minecraft:air",
        "type": "minecraft:matching_blocks"
      },
      "prioritize_tip": true
    },
    "type": "minecraft:block_column"
}