{
  "config": {
    "layers": [
      {
        "height": {
          "type": "minecraft:uniform",
          "value": {
            "min_inclusive": 0,
            "max_inclusive": 8
          }
        },
        "provider": {
          "type": "minecraft:simple_state_provider",
          "state": {
            "Name": "minecraft:prismarine_bricks"
          }
        }
      },
      {
        "height": 1,
        "provider": {
          "type": "minecraft:simple_state_provider",
          "state": {
              "Name": "minecraft:sea_lantern"
          }
        }
      }
    ],
    "direction": "up",
    "allowed_placement": {
      "blocks": "minecraft:water",
      "type": "minecraft:matching_blocks"
    },
    "prioritize_tip": true
  },
  "type": "minecraft:block_column"
}