{
    "feature": "melody:c2_note",
    "placement": [
        {
            "count": 255,
            "type": "minecraft:count"
        },
        {
            "count": 10,
            "type": "minecraft:count"
        },
        {
          "type": "minecraft:in_square"
        },
        {
          "height": {
            "type": "minecraft:weighted_list",
            "distribution": [
                {
                    "data": {
                        "type": "minecraft:uniform",
                        "max_inclusive": {
                            "absolute": 11
                        },
                        "min_inclusive": {
                            "absolute": 11
                        }
                    },
                    "weight": 1
                },
                {
                    "data": {
                        "type": "minecraft:uniform",
                        "max_inclusive": {
                            "absolute": 26
                        },
                        "min_inclusive": {
                            "absolute": 26
                        }
                    },
                    "weight": 1
                },
                {
                    "data": {
                        "type": "minecraft:uniform",
                        "max_inclusive": {
                            "absolute": 41
                        },
                        "min_inclusive": {
                            "absolute": 41
                        }
                    },
                    "weight": 1
                },
                {
                    "data": {
                        "type": "minecraft:uniform",
                        "max_inclusive": {
                            "absolute": 56
                        },
                        "min_inclusive": {
                            "absolute": 56
                        }
                    },
                    "weight": 1
                },
                {
                    "data": {
                        "type": "minecraft:uniform",
                        "max_inclusive": {
                            "absolute": 71
                        },
                        "min_inclusive": {
                            "absolute": 71
                        }
                    },
                    "weight": 1
                },
                {
                    "data": {
                        "type": "minecraft:uniform",
                        "max_inclusive": {
                            "absolute": 86
                        },
                        "min_inclusive": {
                            "absolute": 86
                        }
                    },
                    "weight": 1
                },
                {
                    "data": {
                        "type": "minecraft:uniform",
                        "max_inclusive": {
                            "absolute": 101
                        },
                        "min_inclusive": {
                            "absolute": 101
                        }
                    },
                    "weight": 1
                },
                {
                    "data": {
                        "type": "minecraft:uniform",
                        "max_inclusive": {
                            "absolute": 116
                        },
                        "min_inclusive": {
                            "absolute": 116
                        }
                    },
                    "weight": 1
                },
                {
                    "data": {
                        "type": "minecraft:uniform",
                        "max_inclusive": {
                            "absolute": 131
                        },
                        "min_inclusive": {
                            "absolute": 131
                        }
                    },
                    "weight": 1
                },
                {
                    "data": {
                        "type": "minecraft:uniform",
                        "max_inclusive": {
                            "absolute": 146
                        },
                        "min_inclusive": {
                            "absolute": 146
                        }
                    },
                    "weight": 1
                },
                {
                    "data": {
                        "type": "minecraft:uniform",
                        "max_inclusive": {
                            "absolute": 161
                        },
                        "min_inclusive": {
                            "absolute": 161
                        }
                    },
                    "weight": 1
                },
                {
                    "data": {
                        "type": "minecraft:uniform",
                        "max_inclusive": {
                            "absolute": 176
                        },
                        "min_inclusive": {
                            "absolute": 176
                        }
                    },
                    "weight": 1
                },
                {
                    "data": {
                        "type": "minecraft:uniform",
                        "max_inclusive": {
                            "absolute": 191
                        },
                        "min_inclusive": {
                            "absolute": 191
                        }
                    },
                    "weight": 1
                },
                {
                    "data": {
                        "type": "minecraft:uniform",
                        "max_inclusive": {
                            "absolute": 206
                        },
                        "min_inclusive": {
                            "absolute": 206
                        }
                    },
                    "weight": 1
                },
                {
                    "data": {
                        "type": "minecraft:uniform",
                        "max_inclusive": {
                            "absolute": 221
                        },
                        "min_inclusive": {
                            "absolute": 221
                        }
                    },
                    "weight": 1
                },
                {
                    "data": {
                        "type": "minecraft:uniform",
                        "max_inclusive": {
                            "absolute": 236
                        },
                        "min_inclusive": {
                            "absolute": 236
                        }
                    },
                    "weight": 1
                },
                {
                    "data": {
                        "type": "minecraft:uniform",
                        "max_inclusive": {
                            "absolute": 251
                        },
                        "min_inclusive": {
                            "absolute": 251
                        }
                    },
                    "weight": 1
                },
                {
                    "data": {
                        "type": "minecraft:uniform",
                        "max_inclusive": {
                            "absolute": 266
                        },
                        "min_inclusive": {
                            "absolute": 266
                        }
                    },
                    "weight": 1
                },
                {
                    "data": {
                        "type": "minecraft:uniform",
                        "max_inclusive": {
                            "absolute": 281
                        },
                        "min_inclusive": {
                            "absolute": 281
                        }
                    },
                    "weight": 1
                },
                {
                    "data": {
                        "type": "minecraft:uniform",
                        "max_inclusive": {
                            "absolute": 296
                        },
                        "min_inclusive": {
                            "absolute": 296
                        }
                    },
                    "weight": 1
                },
                {
                    "data": {
                        "type": "minecraft:uniform",
                        "max_inclusive": {
                            "absolute": 311
                        },
                        "min_inclusive": {
                            "absolute": 311
                        }
                    },
                    "weight": 1
                }                                                                                                                        
            ]
          },
          "type": "minecraft:height_range"
        },
        {
          "type": "minecraft:biome"
        }
    ]
}