{
    "feature": "melody:d_note",
    "placement": [
        {
            "count": 255,
            "type": "minecraft:count"
        },
        {
            "count": 10,
            "type": "minecraft:count"
        },
        {
          "type": "minecraft:in_square"
        },
        {
          "height": {
            "type": "minecraft:weighted_list",
            "distribution": [
                {
                    "data": {
                        "type": "minecraft:uniform",
                        "max_inclusive": {
                            "absolute": 5
                        },
                        "min_inclusive": {
                            "absolute": 5
                        }
                    },
                    "weight": 1
                },
                {
                    "data": {
                        "type": "minecraft:uniform",
                        "max_inclusive": {
                            "absolute": 20
                        },
                        "min_inclusive": {
                            "absolute": 20
                        }
                    },
                    "weight": 1
                },
                {
                    "data": {
                        "type": "minecraft:uniform",
                        "max_inclusive": {
                            "absolute": 35
                        },
                        "min_inclusive": {
                            "absolute": 35
                        }
                    },
                    "weight": 1
                },
                {
                    "data": {
                        "type": "minecraft:uniform",
                        "max_inclusive": {
                            "absolute": 50
                        },
                        "min_inclusive": {
                            "absolute": 50
                        }
                    },
                    "weight": 1
                },
                {
                    "data": {
                        "type": "minecraft:uniform",
                        "max_inclusive": {
                            "absolute": 65
                        },
                        "min_inclusive": {
                            "absolute": 65
                        }
                    },
                    "weight": 1
                },
                {
                    "data": {
                        "type": "minecraft:uniform",
                        "max_inclusive": {
                            "absolute": 80
                        },
                        "min_inclusive": {
                            "absolute": 80
                        }
                    },
                    "weight": 1
                },
                {
                    "data": {
                        "type": "minecraft:uniform",
                        "max_inclusive": {
                            "absolute": 95
                        },
                        "min_inclusive": {
                            "absolute": 95
                        }
                    },
                    "weight": 1
                },
                {
                    "data": {
                        "type": "minecraft:uniform",
                        "max_inclusive": {
                            "absolute": 110
                        },
                        "min_inclusive": {
                            "absolute": 110
                        }
                    },
                    "weight": 1
                },
                {
                    "data": {
                        "type": "minecraft:uniform",
                        "max_inclusive": {
                            "absolute": 125
                        },
                        "min_inclusive": {
                            "absolute": 125
                        }
                    },
                    "weight": 1
                },
                {
                    "data": {
                        "type": "minecraft:uniform",
                        "max_inclusive": {
                            "absolute": 140
                        },
                        "min_inclusive": {
                            "absolute": 140
                        }
                    },
                    "weight": 1
                },
                {
                    "data": {
                        "type": "minecraft:uniform",
                        "max_inclusive": {
                            "absolute": 155
                        },
                        "min_inclusive": {
                            "absolute": 155
                        }
                    },
                    "weight": 1
                },
                {
                    "data": {
                        "type": "minecraft:uniform",
                        "max_inclusive": {
                            "absolute": 170
                        },
                        "min_inclusive": {
                            "absolute": 170
                        }
                    },
                    "weight": 1
                },
                {
                    "data": {
                        "type": "minecraft:uniform",
                        "max_inclusive": {
                            "absolute": 185
                        },
                        "min_inclusive": {
                            "absolute": 185
                        }
                    },
                    "weight": 1
                },
                {
                    "data": {
                        "type": "minecraft:uniform",
                        "max_inclusive": {
                            "absolute": 200
                        },
                        "min_inclusive": {
                            "absolute": 200
                        }
                    },
                    "weight": 1
                },
                {
                    "data": {
                        "type": "minecraft:uniform",
                        "max_inclusive": {
                            "absolute": 215
                        },
                        "min_inclusive": {
                            "absolute": 215
                        }
                    },
                    "weight": 1
                },
                {
                    "data": {
                        "type": "minecraft:uniform",
                        "max_inclusive": {
                            "absolute": 230
                        },
                        "min_inclusive": {
                            "absolute": 230
                        }
                    },
                    "weight": 1
                },
                {
                    "data": {
                        "type": "minecraft:uniform",
                        "max_inclusive": {
                            "absolute": 245
                        },
                        "min_inclusive": {
                            "absolute": 245
                        }
                    },
                    "weight": 1
                },
                {
                    "data": {
                        "type": "minecraft:uniform",
                        "max_inclusive": {
                            "absolute": 260
                        },
                        "min_inclusive": {
                            "absolute": 260
                        }
                    },
                    "weight": 1
                },
                {
                    "data": {
                        "type": "minecraft:uniform",
                        "max_inclusive": {
                            "absolute": 275
                        },
                        "min_inclusive": {
                            "absolute": 275
                        }
                    },
                    "weight": 1
                },
                {
                    "data": {
                        "type": "minecraft:uniform",
                        "max_inclusive": {
                            "absolute": 290
                        },
                        "min_inclusive": {
                            "absolute": 290
                        }
                    },
                    "weight": 1
                },
                {
                    "data": {
                        "type": "minecraft:uniform",
                        "max_inclusive": {
                            "absolute": 305
                        },
                        "min_inclusive": {
                            "absolute": 305
                        }
                    },
                    "weight": 1
                },
                {
                    "data": {
                        "type": "minecraft:uniform",
                        "max_inclusive": {
                            "absolute": 320
                        },
                        "min_inclusive": {
                            "absolute": 320
                        }
                    },
                    "weight": 1
                }                                          
            ]
          },
          "type": "minecraft:height_range"
        },
        {
          "type": "minecraft:biome"
        }
    ]
}