{
    "feature": "melody:sea_lanterns",
    "placement": [
      {
        "type": "minecraft:count",
        "count": 8
      },
      {
        "type": "minecraft:in_square"
      },
      {
        "heightmap": "OCEAN_FLOOR_WG",
        "type": "minecraft:heightmap"
      },
      {
        "direction_of_search": "down",
        "target_condition": {
          "blocks": "minecraft:prismarine",
          "type": "minecraft:matching_blocks"
        },
        "allowed_search_condition": {
          "blocks": "minecraft:water",
          "type": "minecraft:matching_blocks"
        },
        "max_steps": 12,
        "type": "minecraft:environment_scan"
      },
      {
        "type": "minecraft:biome"
      }
    ]
  }