{
    "feature": "melody:string",
    "placement": [
      {
        "count": 256,
        "type": "minecraft:count"
      },
      {
        "type": "minecraft:in_square"
      },
      {
        "height": {
          "min_inclusive": {
            "absolute": -63
          },
          "max_inclusive": {
            "absolute": -8
          },
          "type": "minecraft:uniform"
        },
        "type": "minecraft:height_range"
      },
      {
        "type": "minecraft:biome"
      }
    ]
  }