{
    "type": "minecraft:entity",
    "pools": [
      {
        "rolls": 1,
        "entries": [
          {
            "type": "minecraft:item",
            "name": "minecraft:bow",
            "weight": 1,
            "functions": [
              {
                "function": "minecraft:set_damage",
                "damage": 300
              },
              {
                "function": "minecraft:set_enchantments",
                "enchantments": {
                  "minecraft:flame": 1,
                  "minecraft:infinity": 1,
                  "minecraft:power": 5,
                  "minecraft:punch": 5
                }
              },
              {
                "function": "minecraft:set_name",
                "target": "custom_name",
                "name": "Illustioner's mighty bow"
              },
              {
                "function": "minecraft:set_count",
                "count": 1
              }
            ]
          }
        ]
      },
      {
        "rolls": 1,
        "entries": [
          {
            "type": "minecraft:item",
            "name": "minecraft:goat_horn",
            "weight": 1,
            "functions": [
              {
                "function": "minecraft:set_custom_data",
                "tag": "{components: {\"minecraft:instrument\": \"minecraft:admire_goat_horn\"}, count: 1, id: \"minecraft:goat_horn\"}"
              }
            ]
          },
          {
            "type": "minecraft:item",
            "name": "minecraft:goat_horn",
            "weight": 1,
            "functions": [
              {
                "function": "minecraft:set_custom_data",
                "tag": "{components: {\"minecraft:instrument\": \"minecraft:yearn_goat_horn\"}, count: 1, id: \"minecraft:goat_horn\"}"
              }
            ]
          },
          {
            "type": "minecraft:item",
            "name": "minecraft:goat_horn",
            "weight": 1,
            "functions": [
              {
                "function": "minecraft:set_custom_data",
                "tag": "{components: {\"minecraft:instrument\": \"minecraft:call_goat_horn\"}, count: 1, id: \"minecraft:goat_horn\"}"
              }
            ]
          }
        ]
      },
      {
        "rolls": 1,
        "entries": [
          {
            "type": "minecraft:item",
            "name": "minecraft:emerald",
            "weight": 1,
            "functions": [
              {
                "function": "minecraft:set_count",
                "count": {
                  "min": 10,
                  "max": 16
                }
              }
            ]
          }
        ]
      }
    ]
  }
  