{
    "type": "melody:otherside",
    "generator": {
      "type": "minecraft:noise",
      "seed": 0,
      "settings": "melody:otherside",
      "biome_source": {
        "type": "minecraft:multi_noise",
        "biomes": [
          {
            "biome": "melody:symphony",
            "parameters": {
              "temperature": 0,
              "humidity": 0,
              "continentalness": 0,
              "erosion": 0,
              "weirdness": 0,
              "depth": 0,
              "offset": 0
            }
          }
        ]
      }
    }
}
  