{
    "type": "origins:action_on_callback",
    "entity_action_added": {
        "type": "origins:and",
        "actions": [
            {
                "type": "origins:delay",
                "ticks": 40,
                "action": {
                    "type": "origins:and",
                    "actions": [
                        {
                            "type": "origins:execute_command",
                            "command": "setblock ~ ~ ~ minecraft:iron_block"
                        },
                        {
                            "type": "origins:execute_command",
                            "command": "playsound minecraft:block.anvil.place block @a ~ ~ ~"
                        }
                    ] 
                }
            },
            {
                "type": "origins:delay",
                "ticks": 50,
                "action": {
                    "type": "origins:and",
                    "actions": [
                        {
                            "type": "origins:execute_command",
                            "command": "setblock ~ ~1 ~ minecraft:iron_block"
                        },
                        {
                            "type": "origins:execute_command",
                            "command": "playsound minecraft:block.anvil.place block @a ~ ~1 ~"
                        }
                    ] 
                }
            },
            {
                "type": "origins:delay",
                "ticks": 60,
                "action": {
                    "type": "origins:and",
                    "actions": [
                        {
                            "type": "origins:execute_command",
                            "command": "setblock ~ ~1 ~-1 minecraft:iron_block"
                        },
                        {
                            "type": "origins:execute_command",
                            "command": "playsound minecraft:block.anvil.place block @a ~ ~1 ~-1"
                        }
                    ]
                }
            },
            {
                "type": "origins:delay",
                "ticks": 70,
                "action": {
                    "type": "origins:and",
                    "actions": [
                        {
                            "type": "origins:execute_command",
                            "command": "setblock ~ ~1 ~1 minecraft:iron_block"
                        },
                        {
                            "type": "origins:execute_command",
                            "command": "playsound minecraft:block.anvil.place block @a ~ ~1 ~1"
                        }
                    ]
                }
            },
            {
                "type": "origins:delay",
                "ticks": 80,
                "action": {
                    "type": "origins:execute_command",
                    "command": "setblock ~ ~2 ~ minecraft:carved_pumpkin[facing=west]"
                }
            },
            {
                "type": "origins:delay",
                "ticks": 80,
                "action": {
                    "type": "origins:execute_command",
                    "command": "kill @s"
                }
            }
        ]
    }
}