{
	"type": "origins:multiple",
	"cheerful": {
		"type": "origins:shader",
		"shader": "minecraft:shaders/post/love.json"
	},
	"enter_leave": {
		"type": "origins:action_on_callback",
		"entity_action_added": {
			"type": "origins:if_else",
			"condition": {
				"type": "origins:dimension",
				"dimension": "melody:otherside",
				"inverted": true
			},
			"if_action": {
				"type": "origins:and",
				"actions": [
					{
						"type": "origins:execute_command",
						"command": "playsound minecraft:entity.item.pickup ambient @a ~ ~ ~ 1 0.5"
					},
					{
						"type": "origins:execute_command",
						"command": "particle minecraft:cloud ~ ~1 ~ 0 0 0 1 20"
					},
					{
						"type": "origins:execute_command",
						"command": "particle minecraft:campfire_cosy_smoke ~ ~1 ~ 0 0 0 0.2 20"
					},
					{
						"type": "origins:execute_command",
						"command": "execute in melody:otherside run tp @s ~ ~ ~"
					},
					{
						"type": "origins:execute_command",
						"command": "spreadplayers ~ ~ 1 10 false @s"
					},
					{
						"type": "origins:execute_command",
						"command": "playsound minecraft:music_disc.otherside record @s ~ ~ ~ 100",
						"permission_level": 4
					},
					{
						"type": "origins:execute_command",
						"command": "spawnpoint"
					}
				]
			},
			"else_action": {
				"type": "origins:and",
				"actions": [
					{
						"type": "origins:execute_command",
						"command": "playsound minecraft:entity.item.pickup ambient @a ~ ~ ~ 1 0.5"
					},
					{
						"type": "origins:execute_command",
						"command": "particle minecraft:cloud ~ ~1 ~ 0 0 0 1 20"
					},
					{
						"type": "origins:execute_command",
						"command": "particle minecraft:campfire_cosy_smoke ~ ~1 ~ 0 0 0 0.2 20"
					},
					{
						"type": "origins:execute_command",
						"command": "execute in minecraft:overworld run tp @s ~ ~ ~"
					},
					{
						"type": "origins:execute_command",
						"command": "spreadplayers ~ ~ 1 10 false @s"
					},
					{
						"type": "origins:play_sound",
						"sound": "minecraft:music_disc.otherside",
						"volume": 100
					},
					{
						"type": "origins:execute_command",
						"command": "spawnpoint"
					}
				]
			}
		},
		"entity_action_lost": {
			"type": "origins:if_else",
			"condition": {
				"type": "origins:command",
				"command": "execute if entity @e[distance=..7,tag=otherside_portal]",
				"comparison": "==",
				"compare_to": 0
			},
			"if_action": {
				"type": "origins:if_else",
				"condition": {
					"type": "origins:dimension",
					"dimension": "melody:otherside"
				},
				"if_action": {
					"type": "origins:and",
					"actions": [
						{
							"type": "origins:execute_command",
							"command": "playsound minecraft:entity.item.pickup ambient @a ~ ~ ~ 1 0.5"
						},
						{
							"type": "origins:execute_command",
							"command": "particle minecraft:cloud ~ ~1 ~ 0 0 0 1 20"
						},
						{
							"type": "origins:execute_command",
							"command": "particle minecraft:campfire_cosy_smoke ~ ~1 ~ 0 0 0 0.2 20"
						},
						{
							"type": "origins:execute_command",
							"command": "execute in minecraft:overworld run tp @s ~ ~ ~"
						},
						{
							"type": "origins:execute_command",
							"command": "spreadplayers ~ ~ 1 10 false @s"
						},
						{
							"type": "origins:execute_command",
							"command": "spawnpoint"
						}
					]
				},
				"else_action": {
					"type": "origins:and",
					"actions": [
						{
							"type": "origins:execute_command",
							"command": "playsound minecraft:entity.item.pickup ambient @a ~ ~ ~ 1 0.5"
						},
						{
							"type": "origins:execute_command",
							"command": "particle minecraft:cloud ~ ~1 ~ 0 0 0 1 20"
						},
						{
							"type": "origins:execute_command",
							"command": "particle minecraft:campfire_cosy_smoke ~ ~1 ~ 0 0 0 0.2 20"
						},
						{
							"type": "origins:execute_command",
							"command": "execute in melody:otherside run tp @s ~ ~ ~"
						},
						{
							"type": "origins:execute_command",
							"command": "spreadplayers ~ ~ 1 10 false @s"
						},
						{
							"type": "origins:execute_command",
							"command": "spawnpoint"
						}
					]
				}
			}
			
		}
	},
	"delete_otherside": {
		"type": "origins:action_over_time",
		"interval": 20,
		"entity_action": {
			"type": "origins:if_else",
			"condition": {
				"type": "origins:resource",
				"resource": "melody:otherside_active",
				"comparison": "==",
				"compare_to": 195
			},
			"if_action": {
				"type": "origins:and",
				"actions": [
					{
						"type": "origins:execute_command",
						"command": "power remove @s melody:otherside_powers",
						"permission_level": 4
					},
					{
						"type": "origins:execute_command",
						"command": "power remove @s melody:otherside_active",
						"permission_level": 4
					},
					{
						"type": "origins:give",
						"stack": {
							"item": "minecraft:music_disc_otherside",
							"amount": 1
						}
					},
					{
						"type": "origins:execute_command",
						"command": "resource set @s melody:disc_cooldown 0",
						"permission_level": 4
					}
				]
			},
			"else_action": {
				"type": "origins:change_resource",
				"resource": "melody:otherside_active",
				"change": 1
			}
		}
	}
}