{
    "type": "origins:multiple",
    "c": {
        "type": "origins:action_on_block_break",
        "block_action": {
            "type": "origins:and",
            "actions": [
                {
                    "type": "origins:execute_command",
                    "command": "particle minecraft:note ~ ~ ~ 0 0 0 1 1"
                },
                {
                    "type": "origins:execute_command",
                    "command": "playsound minecraft:block.note_block.banjo ambient @a ~ ~ ~ 1 0.707107"
                }
            ]
        },
        "block_condition": {
            "type": "origins:block",
            "block": "minecraft:red_concrete"
        },
        "condition": {
            "type": "origins:dimension",
            "dimension": "melody:otherside"
        }
    },
    "d": {
        "type": "origins:action_on_block_break",
        "block_action": {
            "type": "origins:and",
            "actions": [
                {
                    "type": "origins:execute_command",
                    "command": "particle minecraft:note ~ ~ ~ 0 0 0 1 1"
                },
                {
                    "type": "origins:execute_command",
                    "command": "playsound minecraft:block.note_block.banjo ambient @a ~ ~ ~ 1 0.793701"
                }
            ]
        },
        "block_condition": {
            "type": "origins:block",
            "block": "minecraft:orange_concrete"
        },
        "condition": {
            "type": "origins:dimension",
            "dimension": "melody:otherside"
        }
    },
    "e": {
        "type": "origins:action_on_block_break",
        "block_action": {
            "type": "origins:and",
            "actions": [
                {
                    "type": "origins:execute_command",
                    "command": "particle minecraft:note ~ ~ ~ 0 0 0 1 1"
                },
                {
                    "type": "origins:execute_command",
                    "command": "playsound minecraft:block.note_block.banjo ambient @a ~ ~ ~ 1 0.890899"
                }
            ]
        },
        "block_condition": {
            "type": "origins:block",
            "block": "minecraft:yellow_concrete"
        },
        "condition": {
            "type": "origins:dimension",
            "dimension": "melody:otherside"
        }
    },
    "f": {
        "type": "origins:action_on_block_break",
        "block_action": {
            "type": "origins:and",
            "actions": [
                {
                    "type": "origins:execute_command",
                    "command": "particle minecraft:note ~ ~ ~ 0 0 0 1 1"
                },
                {
                    "type": "origins:execute_command",
                    "command": "playsound minecraft:block.note_block.banjo ambient @a ~ ~ ~ 1 0.943874"
                }
            ]
        },
        "block_condition": {
            "type": "origins:block",
            "block": "minecraft:lime_concrete"
        },
        "condition": {
            "type": "origins:dimension",
            "dimension": "melody:otherside"
        }
    },
    "g": {
        "type": "origins:action_on_block_break",
        "block_action": {
            "type": "origins:and",
            "actions": [
                {
                    "type": "origins:execute_command",
                    "command": "particle minecraft:note ~ ~ ~ 0 0 0 1 1"
                },
                {
                    "type": "origins:execute_command",
                    "command": "playsound minecraft:block.note_block.banjo ambient @a ~ ~ ~ 1 1.059463"
                }
            ]
        },
        "block_condition": {
            "type": "origins:block",
            "block": "minecraft:green_concrete"
        },
        "condition": {
            "type": "origins:dimension",
            "dimension": "melody:otherside"
        }
    },
    "a": {
        "type": "origins:action_on_block_break",
        "block_action": {
            "type": "origins:and",
            "actions": [
                {
                    "type": "origins:execute_command",
                    "command": "particle minecraft:note ~ ~ ~ 0 0 0 1 1"
                },
                {
                    "type": "origins:execute_command",
                    "command": "playsound minecraft:block.note_block.banjo ambient @a ~ ~ ~ 1 1.189207"
                }
            ]
        },
        "block_condition": {
            "type": "origins:block",
            "block": "minecraft:light_blue_concrete"
        },
        "condition": {
            "type": "origins:dimension",
            "dimension": "melody:otherside"
        }
    },
    "b": {
        "type": "origins:action_on_block_break",
        "block_action": {
            "type": "origins:and",
            "actions": [
                {
                    "type": "origins:execute_command",
                    "command": "particle minecraft:note ~ ~ ~ 0 0 0 1 1"
                },
                {
                    "type": "origins:execute_command",
                    "command": "playsound minecraft:block.note_block.banjo ambient @a ~ ~ ~ 1 1.334840"
                }
            ]
        },
        "block_condition": {
            "type": "origins:block",
            "block": "minecraft:blue_concrete"
        },
        "condition": {
            "type": "origins:dimension",
            "dimension": "melody:otherside"
        }
    },
    "c2": {
        "type": "origins:action_on_block_break",
        "block_action": {
            "type": "origins:and",
            "actions": [
                {
                    "type": "origins:execute_command",
                    "command": "particle minecraft:note ~ ~ ~ 0 0 0 1 1"
                },
                {
                    "type": "origins:execute_command",
                    "command": "playsound minecraft:block.note_block.banjo ambient @a ~ ~ ~ 1 1.414214"
                }
            ]
        },
        "block_condition": {
            "type": "origins:block",
            "block": "minecraft:pink_concrete"
        },
        "condition": {
            "type": "origins:dimension",
            "dimension": "melody:otherside"
        }
    },
    "d2": {
        "type": "origins:action_on_block_break",
        "block_action": {
            "type": "origins:and",
            "actions": [
                {
                    "type": "origins:execute_command",
                    "command": "particle minecraft:note ~ ~ ~ 0 0 0 1 1"
                },
                {
                    "type": "origins:execute_command",
                    "command": "playsound minecraft:block.note_block.banjo ambient @a ~ ~ ~ 1 1.587401"
                }
            ]
        },
        "block_condition": {
            "type": "origins:block",
            "block": "minecraft:purple_concrete"
        },
        "condition": {
            "type": "origins:dimension",
            "dimension": "melody:otherside"
        }
    },
    "e2": {
        "type": "origins:action_on_block_break",
        "block_action": {
            "type": "origins:and",
            "actions": [
                {
                    "type": "origins:execute_command",
                    "command": "particle minecraft:note ~ ~ ~ 0 0 0 1 1"
                },
                {
                    "type": "origins:execute_command",
                    "command": "playsound minecraft:block.note_block.banjo ambient @a ~ ~ ~ 1 1.781797"
                }
            ]
        },
        "block_condition": {
            "type": "origins:block",
            "block": "minecraft:magenta_concrete"
        },
        "condition": {
            "type": "origins:dimension",
            "dimension": "melody:otherside"
        }
    },
    "f2": {
        "type": "origins:action_on_block_break",
        "block_action": {
            "type": "origins:and",
            "actions": [
                {
                    "type": "origins:execute_command",
                    "command": "particle minecraft:note ~ ~ ~ 0 0 0 1 1"
                },
                {
                    "type": "origins:execute_command",
                    "command": "playsound minecraft:block.note_block.banjo ambient @a ~ ~ ~ 1 1.887749"
                }
            ]
        },
        "block_condition": {
            "type": "origins:block",
            "block": "minecraft:cyan_concrete"
        },
        "condition": {
            "type": "origins:dimension",
            "dimension": "melody:otherside"
        }
    },
    "g2": {
        "type": "origins:action_on_block_break",
        "block_action": {
            "type": "origins:and",
            "actions": [
                {
                    "type": "origins:execute_command",
                    "command": "particle minecraft:note ~ ~ ~ 0 0 0 1 1"
                },
                {
                    "type": "origins:execute_command",
                    "command": "playsound minecraft:block.note_block.banjo ambient @a ~ ~ ~ 1 0.529732"
                }
            ]
        },
        "block_condition": {
            "type": "origins:block",
            "block": "minecraft:brown_concrete"
        },
        "condition": {
            "type": "origins:dimension",
            "dimension": "melody:otherside"
        }
    },
    "a2": {
        "type": "origins:action_on_block_break",
        "block_action": {
            "type": "origins:and",
            "actions": [
                {
                    "type": "origins:execute_command",
                    "command": "particle minecraft:note ~ ~ ~ 0 0 0 1 1"
                },
                {
                    "type": "origins:execute_command",
                    "command": "playsound minecraft:block.note_block.banjo ambient @a ~ ~ ~ 1 0.594604"
                }
            ]
        },
        "block_condition": {
            "type": "origins:block",
            "block": "minecraft:white_concrete"
        },
        "condition": {
            "type": "origins:dimension",
            "dimension": "melody:otherside"
        }
    },
    "b2": {
        "type": "origins:action_on_block_break",
        "block_action": {
            "type": "origins:and",
            "actions": [
                {
                    "type": "origins:execute_command",
                    "command": "particle minecraft:note ~ ~ ~ 0 0 0 1 1"
                },
                {
                    "type": "origins:execute_command",
                    "command": "playsound minecraft:block.note_block.banjo ambient @a ~ ~ ~ 1 0.667420"
                }
            ]
        },
        "block_condition": {
            "type": "origins:block",
            "block": "minecraft:black_concrete"
        },
        "condition": {
            "type": "origins:dimension",
            "dimension": "melody:otherside"
        }
    },
    "hidden": true
}