{
    "ultrawarm": false,
    "natural": false,
    "piglin_safe": false,
    "respawn_anchor_works": false,
    "bed_works": false,
    "has_raids": false,
    "has_skylight": true,
    "has_ceiling": false,
    "coordinate_scale": 1,
    "ambient_light": 0.03,
    "logical_height": 256,
    "effects": "minecraft:overworld",
    "infiniburn": "#minecraft:infiniburn_overworld",
    "min_y": -64,
    "height": 320,
    "monster_spawn_block_light_limit": 0,
    "monster_spawn_light_level": {
      "type": "minecraft:uniform",
      "value": {
        "max_inclusive": 7,
       "min_inclusive": 0
      }
    }
}