{
    "feature": "melody:budding_amethyst",
    "placement": [
      {
        "count": 64,
        "type": "minecraft:count"
      },
      {
        "type": "minecraft:in_square"
      },
      {
        "height": {
          "min_inclusive": {
            "absolute": -63
          },
          "max_inclusive": {
            "absolute": -8
          },
          "type": "minecraft:trapezoid"
        },
        "type": "minecraft:height_range"
      },
      {
        "type": "minecraft:biome"
      }
    ]
  }