{
    "feature": "melody:c_note",
    "placement": [
        {
            "count": 255,
            "type": "minecraft:count"
        },
        {
            "count": 10,
            "type": "minecraft:count"
        },
        {
          "type": "minecraft:in_square"
        },
        {
          "height": {
            "type": "minecraft:weighted_list",
            "distribution": [
                {
                    "data": {
                        "type": "minecraft:uniform",
                        "max_inclusive": {
                            "absolute": 4
                        },
                        "min_inclusive": {
                            "absolute": 4
                        }
                    },
                    "weight": 1
                },
                {
                    "data": {
                        "type": "minecraft:uniform",
                        "max_inclusive": {
                            "absolute": 19
                        },
                        "min_inclusive": {
                            "absolute": 19
                        }
                    },
                    "weight": 1
                },
                {
                    "data": {
                        "type": "minecraft:uniform",
                        "max_inclusive": {
                            "absolute": 34
                        },
                        "min_inclusive": {
                            "absolute": 34
                        }
                    },
                    "weight": 1
                },
                {
                    "data": {
                        "type": "minecraft:uniform",
                        "max_inclusive": {
                            "absolute": 49
                        },
                        "min_inclusive": {
                            "absolute": 49
                        }
                    },
                    "weight": 1
                },
                {
                    "data": {
                        "type": "minecraft:uniform",
                        "max_inclusive": {
                            "absolute": 64
                        },
                        "min_inclusive": {
                            "absolute": 64
                        }
                    },
                    "weight": 1
                },
                {
                    "data": {
                        "type": "minecraft:uniform",
                        "max_inclusive": {
                            "absolute": 79
                        },
                        "min_inclusive": {
                            "absolute": 79
                        }
                    },
                    "weight": 1
                },
                {
                    "data": {
                        "type": "minecraft:uniform",
                        "max_inclusive": {
                            "absolute": 94
                        },
                        "min_inclusive": {
                            "absolute": 94
                        }
                    },
                    "weight": 1
                },
                {
                    "data": {
                        "type": "minecraft:uniform",
                        "max_inclusive": {
                            "absolute": 109
                        },
                        "min_inclusive": {
                            "absolute": 109
                        }
                    },
                    "weight": 1
                },
                {
                    "data": {
                        "type": "minecraft:uniform",
                        "max_inclusive": {
                            "absolute": 124
                        },
                        "min_inclusive": {
                            "absolute": 124
                        }
                    },
                    "weight": 1
                },
                {
                    "data": {
                        "type": "minecraft:uniform",
                        "max_inclusive": {
                            "absolute": 139
                        },
                        "min_inclusive": {
                            "absolute": 139
                        }
                    },
                    "weight": 1
                },
                {
                    "data": {
                        "type": "minecraft:uniform",
                        "max_inclusive": {
                            "absolute": 154
                        },
                        "min_inclusive": {
                            "absolute": 154
                        }
                    },
                    "weight": 1
                },
                {
                    "data": {
                        "type": "minecraft:uniform",
                        "max_inclusive": {
                            "absolute": 169
                        },
                        "min_inclusive": {
                            "absolute": 169
                        }
                    },
                    "weight": 1
                },
                {
                    "data": {
                        "type": "minecraft:uniform",
                        "max_inclusive": {
                            "absolute": 184
                        },
                        "min_inclusive": {
                            "absolute": 184
                        }
                    },
                    "weight": 1
                },
                {
                    "data": {
                        "type": "minecraft:uniform",
                        "max_inclusive": {
                            "absolute": 199
                        },
                        "min_inclusive": {
                            "absolute": 199
                        }
                    },
                    "weight": 1
                },
                {
                    "data": {
                        "type": "minecraft:uniform",
                        "max_inclusive": {
                            "absolute": 214
                        },
                        "min_inclusive": {
                            "absolute": 214
                        }
                    },
                    "weight": 1
                },
                {
                    "data": {
                        "type": "minecraft:uniform",
                        "max_inclusive": {
                            "absolute": 229
                        },
                        "min_inclusive": {
                            "absolute": 229
                        }
                    },
                    "weight": 1
                },
                {
                    "data": {
                        "type": "minecraft:uniform",
                        "max_inclusive": {
                            "absolute": 244
                        },
                        "min_inclusive": {
                            "absolute": 244
                        }
                    },
                    "weight": 1
                },
                {
                    "data": {
                        "type": "minecraft:uniform",
                        "max_inclusive": {
                            "absolute": 259
                        },
                        "min_inclusive": {
                            "absolute": 259
                        }
                    },
                    "weight": 1
                },
                {
                    "data": {
                        "type": "minecraft:uniform",
                        "max_inclusive": {
                            "absolute": 274
                        },
                        "min_inclusive": {
                            "absolute": 274
                        }
                    },
                    "weight": 1
                },
                {
                    "data": {
                        "type": "minecraft:uniform",
                        "max_inclusive": {
                            "absolute": 289
                        },
                        "min_inclusive": {
                            "absolute": 289
                        }
                    },
                    "weight": 1
                },
                {
                    "data": {
                        "type": "minecraft:uniform",
                        "max_inclusive": {
                            "absolute": 304
                        },
                        "min_inclusive": {
                            "absolute": 304
                        }
                    },
                    "weight": 1
                },
                {
                    "data": {
                        "type": "minecraft:uniform",
                        "max_inclusive": {
                            "absolute": 319
                        },
                        "min_inclusive": {
                            "absolute": 319
                        }
                    },
                    "weight": 1
                }                              
            ]
          },
          "type": "minecraft:height_range"
        },
        {
          "type": "minecraft:biome"
        }
    ]
}