{
    "feature": "melody:g_note",
    "placement": [
        {
            "count": 255,
            "type": "minecraft:count"
        },
        {
            "count": 10,
            "type": "minecraft:count"
        },
        {
          "type": "minecraft:in_square"
        },
        {
          "height": {
            "type": "minecraft:weighted_list",
            "distribution": [
                {
                    "data": {
                        "type": "minecraft:uniform",
                        "max_inclusive": {
                            "absolute": 8
                        },
                        "min_inclusive": {
                            "absolute": 8
                        }
                    },
                    "weight": 1
                },
                {
                    "data": {
                        "type": "minecraft:uniform",
                        "max_inclusive": {
                            "absolute": 23
                        },
                        "min_inclusive": {
                            "absolute": 23
                        }
                    },
                    "weight": 1
                },
                {
                    "data": {
                        "type": "minecraft:uniform",
                        "max_inclusive": {
                            "absolute": 38
                        },
                        "min_inclusive": {
                            "absolute": 38
                        }
                    },
                    "weight": 1
                },
                {
                    "data": {
                        "type": "minecraft:uniform",
                        "max_inclusive": {
                            "absolute": 53
                        },
                        "min_inclusive": {
                            "absolute": 53
                        }
                    },
                    "weight": 1
                },
                {
                    "data": {
                        "type": "minecraft:uniform",
                        "max_inclusive": {
                            "absolute": 68
                        },
                        "min_inclusive": {
                            "absolute": 68
                        }
                    },
                    "weight": 1
                },
                {
                    "data": {
                        "type": "minecraft:uniform",
                        "max_inclusive": {
                            "absolute": 83
                        },
                        "min_inclusive": {
                            "absolute": 83
                        }
                    },
                    "weight": 1
                },
                {
                    "data": {
                        "type": "minecraft:uniform",
                        "max_inclusive": {
                            "absolute": 98
                        },
                        "min_inclusive": {
                            "absolute": 98
                        }
                    },
                    "weight": 1
                },
                {
                    "data": {
                        "type": "minecraft:uniform",
                        "max_inclusive": {
                            "absolute": 113
                        },
                        "min_inclusive": {
                            "absolute": 113
                        }
                    },
                    "weight": 1
                },
                {
                    "data": {
                        "type": "minecraft:uniform",
                        "max_inclusive": {
                            "absolute": 128
                        },
                        "min_inclusive": {
                            "absolute": 128
                        }
                    },
                    "weight": 1
                },
                {
                    "data": {
                        "type": "minecraft:uniform",
                        "max_inclusive": {
                            "absolute": 143
                        },
                        "min_inclusive": {
                            "absolute": 143
                        }
                    },
                    "weight": 1
                },
                {
                    "data": {
                        "type": "minecraft:uniform",
                        "max_inclusive": {
                            "absolute": 158
                        },
                        "min_inclusive": {
                            "absolute": 158
                        }
                    },
                    "weight": 1
                },
                {
                    "data": {
                        "type": "minecraft:uniform",
                        "max_inclusive": {
                            "absolute": 173
                        },
                        "min_inclusive": {
                            "absolute": 173
                        }
                    },
                    "weight": 1
                },
                {
                    "data": {
                        "type": "minecraft:uniform",
                        "max_inclusive": {
                            "absolute": 188
                        },
                        "min_inclusive": {
                            "absolute": 188
                        }
                    },
                    "weight": 1
                },
                {
                    "data": {
                        "type": "minecraft:uniform",
                        "max_inclusive": {
                            "absolute": 203
                        },
                        "min_inclusive": {
                            "absolute": 203
                        }
                    },
                    "weight": 1
                },
                {
                    "data": {
                        "type": "minecraft:uniform",
                        "max_inclusive": {
                            "absolute": 218
                        },
                        "min_inclusive": {
                            "absolute": 218
                        }
                    },
                    "weight": 1
                },
                {
                    "data": {
                        "type": "minecraft:uniform",
                        "max_inclusive": {
                            "absolute": 233
                        },
                        "min_inclusive": {
                            "absolute": 233
                        }
                    },
                    "weight": 1
                },
                {
                    "data": {
                        "type": "minecraft:uniform",
                        "max_inclusive": {
                            "absolute": 248
                        },
                        "min_inclusive": {
                            "absolute": 248
                        }
                    },
                    "weight": 1
                },
                {
                    "data": {
                        "type": "minecraft:uniform",
                        "max_inclusive": {
                            "absolute": 263
                        },
                        "min_inclusive": {
                            "absolute": 263
                        }
                    },
                    "weight": 1
                },
                {
                    "data": {
                        "type": "minecraft:uniform",
                        "max_inclusive": {
                            "absolute": 278
                        },
                        "min_inclusive": {
                            "absolute": 278
                        }
                    },
                    "weight": 1
                },
                {
                    "data": {
                        "type": "minecraft:uniform",
                        "max_inclusive": {
                            "absolute": 293
                        },
                        "min_inclusive": {
                            "absolute": 293
                        }
                    },
                    "weight": 1
                },
                {
                    "data": {
                        "type": "minecraft:uniform",
                        "max_inclusive": {
                            "absolute": 308
                        },
                        "min_inclusive": {
                            "absolute": 308
                        }
                    },
                    "weight": 1
                }                                                                                    
            ]
          },
          "type": "minecraft:height_range"
        },
        {
          "type": "minecraft:biome"
        }
    ]
}