{
  "config": {
    "features": [
      {
        "feature": {
          "feature": "melody:iron_cave_bell",
          "placement": []
        },
        "chance": 0.4
      },
      {
        "feature": {
          "feature": "melody:copper_cave_bell",
          "placement": []
        },
        "chance": 0.4
      },
      {
        "feature": {
          "feature": "melody:gold_cave_bell",
          "placement": []
        },
        "chance": 0.19
      },
      {
        "feature": {
          "feature": "melody:diamond_cave_bell",
          "placement": []
        },
        "chance": 0.009
      },
      {
        "feature": {
          "feature": "melody:netherite_cave_bell",
          "placement": []
        },
        "chance": 0.001
      }
    ],
    "default": {
      "feature": "minecraft:glow_lichen",
      "placement": []
    }
  },
  "type": "minecraft:random_selector"
}