{
	"type": "origins:resource",
	"min": -1,
	"max": 120,
	"hud_render": {
		"should_render": true,
		"sprite_location": "origins:textures/gui/community/spiderkolo/resource_bar_03.png",
		"bar_index": 9,
		"condition": {
			"type": "origins:resource",
			"resource": "melody:disc_cooldown",
			"comparison": ">=",
			"compare_to": 0
		}
	},
	"start_value": -1,
	"max_action": {
		"type": "origins:execute_command",
		"command": "/resource set @s melody:is_empty 1",
		"permission_level": 4
	},
	"name": "Disc cooldown",
	"hidden": true
}