{
    "feature": "minecraft:amethyst_geode",
    "placement": [
        {
            "type": "minecraft:rarity_filter",
            "chance": 3
        },
        {
            "type": "minecraft:height_range",
            "height": {
                "type": "minecraft:uniform",
                "min_inclusive": {
                    "absolute": -54
                },
                "max_inclusive": {
                    "absolute": -8
                }
            }
        },
        {
            "type": "minecraft:biome"
        }
    ]
}