{
    "feature": "melody:amethyst_buds",
    "placement": [
      {
        "type": "minecraft:count",
        "count": 156
      },
      {
        "type": "minecraft:in_square"
      },
      {
        "height": {
            "type": "minecraft:uniform",
            "min_inclusive": {
                "absolute": -63
            },
            "max_inclusive": {
                "absolute": -8
            }
        },
        "type": "minecraft:height_range"
      },
      {
        "type": "minecraft:biome"
      }
    ]
}