{
  "feature": "melody:hanging_bells",
  "placement": [
    {
      "count": 255,
      "type": "minecraft:count"
    },
    {
      "type": "minecraft:in_square"
    },
    {
      "height": {
        "min_inclusive": {
          "above_bottom": 64
        },
        "max_inclusive": {
          "absolute": 196
        },
        "type": "minecraft:uniform"
      },
      "type": "minecraft:height_range"
    },
    {
      "direction_of_search": "up",
      "target_condition": {
        "blocks": "minecraft:oak_leaves",
        "type": "minecraft:matching_blocks"
      },
      "allowed_search_condition": {
        "blocks": "minecraft:air",
        "type": "minecraft:matching_blocks"
      },
      "max_steps": 12,
      "type": "minecraft:environment_scan"
    },
    {
      "xz_spread": 0,
      "y_spread": -1,
      "type": "minecraft:random_offset"
    },
    {
      "type": "minecraft:biome"
    }
  ]
}