{
    "pools": [
        {
            "rolls": 1,
            "entries": [
                {
                    "type": "item",
                    "weight": 1,
                    "name": "minecraft:bow",
                    "functions": [
                        {
                            "function": "set_nbt",
                            "tag": "{Damage:300,display:{Name:'[{\"text\":\"Illusioner\\'s Mighty Bow\",\"italic\":false}]'},Enchantments:[{id:flame,lvl:1},{id:infinity,lvl:1},{id:power,lvl:5},{id:punch,lvl:5}]}"
                        },
                        {
                            "function": "set_count",
                            "count": 1
                        }
                    ]
                }
            ]
        },
        {
            "rolls": 1,
            "entries": [
                {
                    "type": "item",
                    "weight": 1,
                    "name": "minecraft:goat_horn",
                    "functions": [
                        {
                            "function": "set_nbt",
                            "tag": "{instrument: 'minecraft:admire_goat_horn'}"
                        }
                    ]
                },
                {
                    "type": "item",
                    "weight": 1,
                    "name": "minecraft:goat_horn",
                    "functions": [
                        {
                            "function": "set_nbt",
                            "tag": "{instrument: 'minecraft:yearn_goat_horn'}"
                        }
                    ]
                },
                {
                    "type": "item",
                    "weight": 1,
                    "name": "minecraft:goat_horn",
                    "functions": [
                        {
                            "function": "set_nbt",
                            "tag": "{instrument: 'minecraft:call_goat_horn'}"
                        }
                    ]
                }
            ]
        },
        {
            "rolls": 1,
            "entries": [
                {
                    "type": "item",
                    "weight": 1,
                    "name": "minecraft:emerald",
                    "functions": [
                        {
                            "function": "set_count",
                            "count": {
                                "min": 10,
                                "max": 16
                            }
                        }
                    ]
                }
            ]
        }
    ]
}