{
	"unchoosable": false,
	"powers": [
		"melody:is_empty",
		"melody:disc_cooldown",
		"melody:disc_cooldown_timer",
		"melody:disc_denied",
		"melody:cat",
		"melody:blocks",
		"melody:chirp",
		"melody:far",
		"melody:mall",
		"melody:mellohi",
		"melody:stal",
		"melody:strad",
		"melody:ward",
		"melody:wait",
		"melody:pigstep",
		"melody:otherside",
		"melody:otherside_notes",
		"melody:relic",
		"melody:thirteen",
		"melody:five",
		"melody:eleven",
		"melody:magical_music",
		"melody:magical_music_bar",
		"melody:magical_music_reset_bar",
		"melody:magical_music_control",
		"melody:magical_music_state",
		"melody:magical_music_notes",
		"melody:magical_music_noteblock",
		"melody:magical_music_first_choice",
		"melody:mystical_horns",
		"melody:mystical_horns_description"
	],
	"icon": "minecraft:music_disc_far",
	"order": 10,
	"impact": 1,
	"name": "Melomanian",
	"loading_priority": 1,
	"description": "A wizard from the Otherside who mastered the magical power of music. He can gain superhuman powers by playing music discs in walkman, playing a noteblock or blowing goat horns. Due to an unfortunate accident Melomanian got lost in the Overworld, losing all his magical music discs that give him superhuman powers. There's still hope for him. He must set off for a journey to recollect all the discs and return to his home world!\nIn order to play the disc just press a primary key on your keyboard."
}