{
	"type": "origins:multiple",
	"speed": {
		"type": "origins:conditioned_attribute",
		"tick_rate": 10,
		"modifier": {
			"attribute": "minecraft:generic.movement_speed",
			"operation": "multiply_base",
			"value": 0.4
		},
		"condition": {
			"type": "origins:submerged_in",
			"fluid": "minecraft:water",
			"inverted": true
		}
	},
	"jump": {
		"type": "origins:modify_jump",
		"modifier": {
			"operation": "multiply_base",
			"value": 0.8
		},
		"condition": {
			"type": "origins:and",
			"conditions": [
				{
					"type": "origins:sneaking",
					"inverted": true
				},
				{
					"type": "origins:sprinting"
				}
			]
		}
	},
	"nocturnal": {
		"type": "origins:night_vision",
		"strength": 1,
		"condition": {
			"type": "origins:resource",
			"resource": "melody:cat_active",
			"comparison": "!=",
			"compare_to": 0
		}
	},
	"four_feet": {
		"type": "origins:invulnerability",
		"damage_condition": {
			"type": "origins:name",
			"name": "fall"
		}
	},
	"sharp_claws": {
		"type": "origins:target_action_on_hit",
		"entity_action": {
			"type": "origins:damage",
			"amount": 4,
			"source": {
				"name": "player"
			}
		},
		"cooldown": 60,
		"hud_render": {
			"should_render": true,
			"sprite_location": "origins:textures/gui/community/spiderkolo/resource_bar_03.png",
			"bar_index": 2
		},
		"damage_condition": {
			"type": "origins:projectile",
			"inverted": true
		}
	},
	"weak": {
		"type": "origins:modify_damage_taken",
		"modifier": {
			"operation": "addition",
			"value": 2
		}
	},
	"weak_arms": {
		"type": "origins:action_on_callback",
		"entity_action_added": {
			"type": "origins:execute_command",
			"command": "power grant @s origins:weak_arms",
			"permission_level": 4
		},
		"entity_action_removed": {
			"type": "origins:execute_command",
			"command": "power remove @s origins:weak_arms",
			"permission_level": 4
		}
	},
	"delete_cat": {
		"type": "origins:action_over_time",
		"interval": 20,
		"entity_action": {
			"type": "origins:if_else",
			"condition": {
				"type": "origins:resource",
				"resource": "melody:cat_active",
				"comparison": "==",
				"compare_to": 185
			},
			"if_action": {
				"type": "origins:and",
				"actions": [
					{
						"type": "origins:execute_command",
						"command": "power remove @s melody:cat_powers",
						"permission_level": 4
					},
					{
						"type": "origins:execute_command",
						"command": "power remove @s melody:cat_active",
						"permission_level": 4
					},
					{
						"type": "origins:give",
						"stack": {
							"item": "minecraft:music_disc_cat",
							"amount": 1
						}
					},
					{
						"type": "origins:execute_command",
						"command": "resource set @s melody:disc_cooldown 0",
						"permission_level": 4
					}
				]
			},
			"else_action": {
				"type": "origins:change_resource",
				"resource": "melody:cat_active",
				"change": 1
			}
		}
	}
}