{
    "type": "origins:multiple",
    "cooldown": {
        "type": "origins:cooldown",
        "cooldown": 140,
        "hud_render": {
            "should_render": false
        }
    },
    "ponder": {
        "type": "origins:active_self",
        "entity_action": {
            "type": "origins:and",
            "actions": [
                {
                    "type": "origins:trigger_cooldown",
                    "power": "melody:mystical_horns_cooldown"
                },
                {
                    "type": "origins:delay",
                    "ticks": 20,
                    "action": {
                        "type": "origins:execute_command",
                        "command": "execute as @e[nbt={Item:{id:'minecraft:spore_blossom',Count:32b}},distance=..50] run execute at @s run function melody:horns/ponder"   
                    }
                }
            ]
        },
        "cooldown": 140,
        "hud_render": {
            "should_render": false
        },
        "key": {
            "key": "key.use"
        },
        "condition": {
            "type": "origins:and",
            "conditions": [
                {
                    "type": "origins:resource",
                    "resource": "melody:mystical_horns_cooldown",
                    "comparison": "==",
                    "compare_to": 0
                },
                {
                    "type": "origins:equipped_item",
                    "equipment_slot": "mainhand",
                    "item_condition": {
                        "type": "origins:nbt",
                        "nbt": "{instrument: 'minecraft:ponder_goat_horn'}"
                    }
                }
            ]
        }
    },
    "sing": {
        "type": "origins:active_self",
        "entity_action": {
            "type": "origins:and",
            "actions": [
                {
                    "type": "origins:trigger_cooldown",
                    "power": "melody:mystical_horns_cooldown"
                },
                {
                    "type": "origins:delay",
                    "ticks": 20,
                    "action": {
                        "type": "origins:execute_command",
                        "command": "execute as @e[nbt={Item:{id:'minecraft:amethyst_shard',Count:64b}},distance=..50] run execute at @s run function melody:horns/sing"   
                    }
                }
            ]
        },
        "cooldown": 140,
        "hud_render": {
            "should_render": false
        },
        "key": {
            "key": "key.use"
        },
        "condition": {
            "type": "origins:and",
            "conditions": [
                {
                    "type": "origins:resource",
                    "resource": "melody:mystical_horns_cooldown",
                    "comparison": "==",
                    "compare_to": 0
                },
                {
                    "type": "origins:equipped_item",
                    "equipment_slot": "mainhand",
                    "item_condition": {
                        "type": "origins:nbt",
                        "nbt": "{instrument: 'minecraft:sing_goat_horn'}"
                    }
                }
            ]
            
        }
    },
    "seek": {
        "type": "origins:active_self",
        "entity_action": {
            "type": "origins:and",
            "actions": [
                {
                    "type": "origins:trigger_cooldown",
                    "power": "melody:mystical_horns_cooldown"
                },
                {
                    "type": "origins:delay",
                    "ticks": 20,
                    "action": {
                        "type": "origins:execute_command",
                        "command": "execute as @e[nbt={Item:{id:'minecraft:carved_pumpkin',Count:1b}},distance=..50] run execute at @s run execute if entity @e[nbt={Item:{id:'minecraft:iron_ingot',Count:16b}},limit=1,distance=..1] run function melody:horns/seek"   
                    }
                }
            ]
        },
        "cooldown": 140,
        "hud_render": {
            "should_render": false
        },
        "key": {
            "key": "key.use"
        },
        "condition": {
            "type": "origins:and",
            "conditions": [
                {
                    "type": "origins:resource",
                    "resource": "melody:mystical_horns_cooldown",
                    "comparison": "==",
                    "compare_to": 0
                },
                {
                    "type": "origins:equipped_item",
                    "equipment_slot": "mainhand",
                    "item_condition": {
                        "type": "origins:nbt",
                        "nbt": "{instrument: 'minecraft:seek_goat_horn'}"
                    }
                }
            ]
            
        }
    },
    "feel": {
        "type": "origins:active_self",
        "entity_action": {
            "type": "origins:and",
            "actions": [
                {
                    "type": "origins:trigger_cooldown",
                    "power": "melody:mystical_horns_cooldown"
                },
                {
                    "type": "origins:equipped_item_action",
                    "equipment_slot": "offhand",
                    "action": {
                        "type": "origins:consume",
                        "amount": 16
                    }
                },
                {
                    "type": "origins:delay",
                    "ticks": 80,
                    "action": {
                        "type": "origins:execute_command",
                        "command": "execute as @e[distance=0.1..20] run execute at @s run summon minecraft:lightning_bolt"   
                    }
                }
            ]
        },
        "cooldown": 140,
        "hud_render": {
            "should_render": false
        },
        "key": {
            "key": "key.use"
        },
        "condition": {
            "type": "origins:and",
            "conditions": [
                {
                    "type": "origins:resource",
                    "resource": "melody:mystical_horns_cooldown",
                    "comparison": "==",
                    "compare_to": 0
                },
                {
                    "type": "origins:equipped_item",
                    "equipment_slot": "mainhand",
                    "item_condition": {
                        "type": "origins:nbt",
                        "nbt": "{instrument: 'minecraft:feel_goat_horn'}"
                    }
                },
                {
                    "type": "origins:equipped_item",
                    "equipment_slot": "offhand",
                    "item_condition": {
                        "type": "origins:and",
                        "conditions": [
                            {
                                "type": "origins:ingredient",
                                "ingredient": {
                                    "item": "minecraft:lightning_rod"
                                }
                            },
                            {
                                "type": "origins:amount",
                                "comparison": ">=",
                                "compare_to": 16
                            }
                        ]
                    }
                }
            ]
            
        }
    },
    "admire": {
        "type": "origins:active_self",
        "entity_action": {
            "type": "origins:and",
            "actions": [
                {
                    "type": "origins:trigger_cooldown",
                    "power": "melody:mystical_horns_cooldown"
                },
                {
                    "type": "origins:equipped_item_action",
                    "equipment_slot": "offhand",
                    "action": {
                        "type": "origins:consume",
                        "amount": 16
                    }
                },
                {
                    "type": "origins:delay",
                    "ticks": 20,
                    "action": {
                        "type": "origins:execute_command",
                        "command": "function melody:horns/admire"    
                    }
                }
            ]
        },
        "cooldown": 140,
        "hud_render": {
            "should_render": false
        },
        "key": {
            "key": "key.use"
        },
        "condition": {
            "type": "origins:and",
            "conditions": [
                {
                    "type": "origins:on_block"
                },
                {
                    "type": "origins:resource",
                    "resource": "melody:mystical_horns_cooldown",
                    "comparison": "==",
                    "compare_to": 0
                },
                {
                    "type": "origins:equipped_item",
                    "equipment_slot": "mainhand",
                    "item_condition": {
                        "type": "origins:nbt",
                        "nbt": "{instrument: 'minecraft:admire_goat_horn'}"
                    }
                },
                {
                    "type": "origins:equipped_item",
                    "equipment_slot": "offhand",
                    "item_condition": {
                        "type": "origins:and",
                        "conditions": [
                            {
                                "type": "origins:ingredient",
                                "ingredient": {
                                    "item": "minecraft:pointed_dripstone"
                                }
                            },
                            {
                                "type": "origins:amount",
                                "comparison": ">=",
                                "compare_to": 16
                            }
                        ]
                    }
                }
            ]
        }
    },
    "call": {
        "type": "origins:active_self",
        "entity_action": {
            "type": "origins:and",
            "actions": [
                {
                    "type": "origins:trigger_cooldown",
                    "power": "melody:mystical_horns_cooldown"
                },
                {
                    "type": "origins:equipped_item_action",
                    "equipment_slot": "offhand",
                    "action": {
                        "type": "origins:consume",
                        "amount": 16
                    }
                },
                {
                    "type": "origins:execute_command",
                    "command": "execute as @e[distance=0.1..36,type=!minecraft:item] run execute at @s run function melody:horns/call"
                }
            ]
        },
        "cooldown": 140,
        "hud_render": {
            "should_render": false
        },
        "key": {
            "key": "key.use"
        },
        "condition": {
            "type": "origins:and",
            "conditions": [
                {
                    "type": "origins:resource",
                    "resource": "melody:mystical_horns_cooldown",
                    "comparison": "==",
                    "compare_to": 0
                },
                {
                    "type": "origins:equipped_item",
                    "equipment_slot": "mainhand",
                    "item_condition": {
                        "type": "origins:nbt",
                        "nbt": "{instrument: 'minecraft:call_goat_horn'}"
                    }
                },
                {
                    "type": "origins:equipped_item",
                    "equipment_slot": "offhand",
                    "item_condition": {
                        "type": "origins:and",
                        "conditions": [
                            {
                                "type": "origins:ingredient",
                                "ingredient": {
                                    "item": "minecraft:tnt"
                                }
                            },
                            {
                                "type": "origins:amount",
                                "comparison": ">=",
                                "compare_to": 16
                            }
                        ]
                    }
                }
            ]
        }
    },
    "yearn": {
        "type": "origins:active_self",
        "entity_action": {
            "type": "origins:and",
            "actions": [
                {
                    "type": "origins:trigger_cooldown",
                    "power": "melody:mystical_horns_cooldown"
                },
                {
                    "type": "origins:delay",
                    "ticks": 60,
                    "action": {
                        "type": "origins:execute_command",
                        "command": "execute as @e[nbt={Item:{id:'minecraft:bone',Count:64b}},distance=..50] run execute at @s run execute if entity @e[nbt={Item:{id:'minecraft:skeleton_skull',Count:4b}},limit=1,distance=..1] run function melody:horns/yearn"
                    }
                }
            ]
        },
        "cooldown": 140,
        "hud_render": {
            "should_render": false
        },
        "key": {
            "key": "key.use"
        },
        "condition": {
            "type": "origins:and",
            "conditions": [
                {
                    "type": "origins:resource",
                    "resource": "melody:mystical_horns_cooldown",
                    "comparison": "==",
                    "compare_to": 0
                },
                {
                    "type": "origins:equipped_item",
                    "equipment_slot": "mainhand",
                    "item_condition": {
                        "type": "origins:nbt",
                        "nbt": "{instrument: 'minecraft:yearn_goat_horn'}"
                    }
                }
            ]
        }
    },
    "dream": {
        "type": "origins:active_self",
        "entity_action": {
            "type": "origins:and",
            "actions": [
                {
                    "type": "origins:trigger_cooldown",
                    "power": "melody:mystical_horns_cooldown"
                },
                {
                    "type": "origins:delay",
                    "ticks": 20,
                    "action": {
                        "type": "origins:execute_command",
                        "command": "execute as @e[nbt={Item:{id:'minecraft:totem_of_undying',Count:1b}},distance=..50] run execute at @s run execute if entity @e[nbt={Item:{id:'minecraft:skeleton_skull',Count:1b}},limit=1,distance=..1] run function melody:horns/dream"   
                    }
                }
            ]
        },
        "cooldown": 140,
        "hud_render": {
            "should_render": false
        },
        "key": {
            "key": "key.use"
        },
        "condition": {
            "type": "origins:and",
            "conditions": [
                {
                    "type": "origins:resource",
                    "resource": "melody:mystical_horns_cooldown",
                    "comparison": "==",
                    "compare_to": 0
                },
                {
                    "type": "origins:equipped_item",
                    "equipment_slot": "mainhand",
                    "item_condition": {
                        "type": "origins:nbt",
                        "nbt": "{instrument: 'minecraft:dream_goat_horn'}"
                    }
                }
            ]
        }
    },
    "hidden": true
}