{
	"type": "origins:multiple",
	"good_swimmer": {
		"type": "origins:modify_swim_speed",
		"modifier": {
			"operation": "addition",
			"value": 0.02
		}
	},
	"pulmonary_function": {
		"type": "origins:action_over_time",
		"interval": 20,
		"entity_action": {
			"type": "origins:gain_air",
			"value": 10
		},
		"condition": {
			"type": "origins:submerged_in",
			"fluid": "minecraft:water"
		}
	},
	"torpedo": {
		"type": "origins:active_self",
		"entity_action": {
			"type": "origins:add_velocity",
			"z": 2,
			"space": "local"
		},
		"cooldown": 200,
		"hud_render": {
			"should_render": true,
			"sprite_location": "origins:textures/gui/community/huang/resource_bar_01.png",
			"bar_index": 10
		},
		"key": {
			"key": "key.origins.secondary_active"
		},
		"condition": {
			"type": "origins:and",
			"conditions": [
				{
					"type": "origins:submerged_in",
					"fluid": "minecraft:water"
				},
				{
					"type": "origins:sprinting"
				}
			]
		}
	},
	"water_vision": {
		"type": "origins:night_vision",
		"strength": 1,
		"condition": {
			"type": "origins:submerged_in",
			"fluid": "minecraft:water"
		}
	},
	"treasures": {
		"type": "origins:action_on_block_break",
		"block_action": {
			"type": "origins:and",
			"actions": [
				{
					"type": "origins:chance",
					"action": {
						"type": "origins:execute_command",
						"command": "summon minecraft:item ~ ~ ~ {Item:{id:'minecraft:nautilus_shell',Count:1b},PickupDelay:4s}",
						"permission_level": 4
					},
					"chance": 0.05
				},
				{
					"type": "origins:chance",
					"action": {
						"type": "origins:execute_command",
						"command": "summon minecraft:item ~ ~ ~ {Item:{id:'minecraft:heart_of_the_sea',Count:1b},PickupDelay:4s}",
						"permission_level": 4
					},
					"chance": 0.001
				}
			]
		},
		"block_condition": {
			"type": "origins:and",
			"conditions": [
				{
					"type": "origins:block",
					"block": "minecraft:sand"
				},
				{
					"type": "origins:adjacent",
					"adjacent_condition": {
						"type": "origins:block",
						"block": "minecraft:water"
					},
					"comparison": ">",
					"compare_to": 0
				}
			]
		}
	},
	"underwater_fighter": {
		"type": "origins:modify_damage_dealt",
		"modifier": {
			"operation": "multiply_base",
			"value": 1
		},
		"target_condition": {
			"type": "origins:or",
			"conditions": [
				{
					"type": "origins:entity_group",
					"group": "aquatic"
				},
				{
					"type": "origins:entity_type",
					"entity_type": "minecraft:drowned"
				}
			]
		}
	},
	"fire_damage": {
		"type": "origins:modify_damage_taken",
		"damage_condition": {
			"type": "origins:fire"
		},
		"modifier": {
			"operation": "multiply_base",
			"value": 1
		}
	},
	"aquatic": {
		"type": "origins:entity_group",
		"group": "aquatic"
	},
	"delete_strad": {
		"type": "origins:action_over_time",
		"interval": 20,
		"entity_action": {
			"type": "origins:if_else",
			"condition": {
				"type": "origins:resource",
				"resource": "melody:strad_active",
				"comparison": "==",
				"compare_to": 188
			},
			"if_action": {
				"type": "origins:and",
				"actions": [
					{
						"type": "origins:execute_command",
						"command": "power remove @s melody:strad_powers",
						"permission_level": 4
					},
					{
						"type": "origins:execute_command",
						"command": "power remove @s melody:strad_active",
						"permission_level": 4
					},
					{
						"type": "origins:give",
						"stack": {
							"item": "minecraft:music_disc_strad",
							"amount": 1
						}
					},
					{
						"type": "origins:execute_command",
						"command": "resource set @s melody:disc_cooldown 0",
						"permission_level": 4
					}
				]
			},
			"else_action": {
				"type": "origins:change_resource",
				"resource": "melody:strad_active",
				"change": 1
			}
		}
	}
}