{
  "config": {
    "layers": [
      {
        "height": 1,
        "provider": {
          "type": "minecraft:simple_state_provider",
          "state": {
              "Name": "minecraft:bell",
              "Properties": {
                "attachment": "ceiling"
              }
          }
        }
      }
    ],
    "direction": "down",
    "allowed_placement": {
      "blocks": "minecraft:air",
      "type": "minecraft:matching_blocks"
    },
    "prioritize_tip": true
  },
  "type": "minecraft:block_column"
}