{
    "config": {
      "decorators": [],
      "ignore_vines": true,
      "force_dirt": false,
      "dirt_provider": {
        "state": {
          "Name": "minecraft:dirt"
        },
        "type": "minecraft:simple_state_provider"
      },
      "minimum_size": {
        "limit": 1,
        "lower_size": 0,
        "upper_size": 1,
        "type": "minecraft:two_layers_feature_size"
      },
      "trunk_provider": {
        "state": {
          "Properties": {
            "axis": "y"
          },
          "Name": "minecraft:dark_oak_log"
        },
        "type": "minecraft:simple_state_provider"
      },
      "trunk_placer": {
        "base_height": 4,
        "height_rand_a": 2,
        "height_rand_b": 0,
        "type": "minecraft:straight_trunk_placer"
      },
      "foliage_provider": {
        "state": {
          "Properties": {
            "persistent": "false",
            "distance": "7"
          },
          "Name": "minecraft:dark_oak_leaves"
        },
        "type": "minecraft:simple_state_provider"
      },
      "foliage_placer": {
        "radius": 2,
        "offset": 0,
        "height": 2,
        "type": "minecraft:blob_foliage_placer"
      }
    },
    "type": "minecraft:tree"
  }