{
    "feature": "melody:high_tones",
    "placement": [
      {
        "type": "minecraft:count",
        "count": 255
      },
      {
        "type": "minecraft:in_square"
      },
      {
        "type": "minecraft:height_range",
        "height": {
            "type": "minecraft:uniform",
            "min_inclusive": {
                "absolute": 156
            },
            "max_inclusive": {
                "absolute": 319
            }
        }
      },
      {
        "direction_of_search": "down",
        "target_condition": {
          "type": "minecraft:matching_blocks",
          "blocks": [
            "minecraft:smooth_basalt",
            "minecraft:calcite"
          ]
        },
        "allowed_search_condition": {
          "blocks": "minecraft:air",
          "type": "minecraft:matching_blocks"
        },
        "max_steps": 12,
        "type": "minecraft:environment_scan"
      },
      {
        "type": "minecraft:biome"
      }
    ]
  }