{
    "feature": "melody:note_block_growth",
    "placement": [
      {
        "type": "minecraft:count",
        "count": 8
      },
      {
        "type": "minecraft:in_square"
      },
      {
        "type": "minecraft:height_range",
        "height": {
            "type": "minecraft:uniform",
            "min_inclusive": {
                "absolute": -63
            },
            "max_inclusive": {
                "absolute": -8
            }
        }
      },
      {
        "type": "minecraft:biome"
      }
    ]
}