{
  "temperature": 0.3,
  "downfall": 0.2,
  "has_precipitation": true,
  "temperature_modifier": "none",
  "category": "none",
  "effects": {
    "sky_color": 11389695,
    "fog_color": 14543357,
    "water_color": 5921006,
    "water_fog_color": 5920746,
    "grass_color": 2352980,
    "foliage_color": 16775204,
    "music": {
      "sound": "minecraft:music.game",
      "min_delay": 12000,
      "max_delay": 24000,
      "replace_current_music": false
    }
  },
  "spawners": {
    "monster": [],
    "creature": [
      {
        "type": "minecraft:allay",
        "weight": 10,
        "minCount": 4,
        "maxCount": 4
      },
      {
        "type": "minecraft:sheep",
        "weight": 10,
        "minCount": 4,
        "maxCount": 4
      },
      {
        "type": "minecraft:pig",
        "weight": 8,
        "minCount": 4,
        "maxCount": 4
      },
      {
        "type": "minecraft:chicken",
        "weight": 10,
        "minCount": 4,
        "maxCount": 4
      },
      {
        "type": "minecraft:cow",
        "weight": 8,
        "minCount": 4,
        "maxCount": 4
      },
      {
        "type": "minecraft:donkey",
        "weight": 1,
        "minCount": 1,
        "maxCount": 2
      },
      {
        "type": "minecraft:horse",
        "weight": 1,
        "minCount": 1,
        "maxCount": 2
      },
      {
        "type": "minecraft:rabbit",
        "weight": 2,
        "minCount": 2,
        "maxCount": 6
      }
    ],
    "ambient": [
      {
        "type": "minecraft:bat",
        "weight": 10,
        "minCount": 8,
        "maxCount": 8
      }
    ],
    "axolotls": [],
    "underground_water_creature": [
      {
        "type": "minecraft:glow_squid",
        "weight": 10,
        "minCount": 4,
        "maxCount": 6
      }
    ],
    "water_creature": [
      {
        "type": "minecraft:squid",
        "weight": 8,
        "minCount": 1,
        "maxCount": 4
      },
      {
        "type": "minecraft:dolphin",
        "weight": 2,
        "minCount": 1,
        "maxCount": 2
      },
      {
        "type": "minecraft:turtle",
        "weight": 2,
        "minCount": 1,
        "maxCount": 2
      }
    ],
    "water_ambient": [
      {
        "type": "minecraft:cod",
        "weight": 8,
        "minCount": 3,
        "maxCount": 6
      },
      {
        "type": "minecraft:salmon",
        "weight": 8,
        "minCount": 3,
        "maxCount": 6
      },
      {
        "type": "minecraft:pufferfish",
        "weight": 5,
        "minCount": 1,
        "maxCount": 3
      },
      {
        "type": "minecraft:tropical_fish",
        "weight": 25,
        "minCount": 8,
        "maxCount": 8
      }
    ],
    "misc": []
  },
  "spawn_costs": {},
  "carvers": {
    "air": [
      "minecraft:cave",
      "minecraft:cave_extra_underground",
      "minecraft:canyon"
    ]
  },
  "features": [
    [],
    [],
    [
      "melody:high_tones"
    ],
    [],
    [],
    [],
    [
      "melody:c_note",
      "melody:d_note",
      "melody:e_note",
      "melody:f_note",
      "melody:g_note",
      "melody:a_note",
      "melody:b_note",
      "melody:c2_note",
      "melody:d2_note",
      "melody:e2_note",
      "melody:f2_note",
      "melody:g2_note",
      "melody:a2_note",
      "melody:b2_note",
      "melody:string",
      "melody:cave_bells",
      "melody:budding_amethyst",
      "melody:amethyst_buds",
      "melody:amethyst_geode",
      "melody:ore_blackstone",
      "melody:sculk_note_block",
      "melody:note_block_growth"
    ],
    [],
    [],
    [
      "melody:azalea_bush",
      "melody:trees_symphony",
      "minecraft:patch_grass_plain",
      "minecraft:flower_flower_forest",
      "minecraft:patch_cactus_desert",
      "melody:hanging_bells",
      "melody:sea_lanterns",
      "minecraft:warm_ocean_vegetation",
      "minecraft:seagrass_warm",
      "minecraft:sea_pickle",
      "minecraft:kelp_warm"
    ],
    []
  ]
}
