{
    "config": {
      "tries": 32,
      "xz_spread": 2,
      "y_spread": 2,
      "feature": {
        "feature": {
          "config": {
            "to_place": {
              "entries": [
                {
                    "data": {
                        "Name": "minecraft:azalea"
                    },
                    "weight": 1
                },
                {
                    "data": {
                        "Name": "minecraft:flowering_azalea"
                    },
                    "weight": 1
                }
              ],
              "type": "minecraft:weighted_state_provider"
            }
          },
          "type": "minecraft:simple_block"
        },
        "placement": [
          {
            "predicate": {
              "predicates": [
                {
                  "type": "minecraft:replaceable"
                },
                {
                  "offset": [
                    0,
                    -1,
                    0
                  ],
                  "blocks": "minecraft:grass_block",
                  "type": "minecraft:matching_blocks"
                }
              ],
              "type": "minecraft:all_of"
            },
            "type": "minecraft:block_predicate_filter"
          }
        ]
      }
    },
    "type": "minecraft:random_patch"
  }