{
    "config": {
      "layers": [
        {
          "height": {
            "type": "minecraft:uniform",
            "value": {
              "min_inclusive": 4,
              "max_inclusive": 8
            }
          },
          "provider": {
            "type": "minecraft:simple_state_provider",
            "state": {
              "Name": "minecraft:cobbled_deepslate"
            }
          }
        },
        {
            "height": {
              "type": "minecraft:uniform",
              "value": {
                "min_inclusive": 0,
                "max_inclusive": 3
              }
            },
            "provider": {
              "type": "minecraft:weighted_state_provider",
              "entries": [
                  {
                      "data": {
                          "Name": "minecraft:red_stained_glass"
                      },
                      "weight": 1
                  },
                  {
                      "data": {
                          "Name": "minecraft:orange_stained_glass"
                      },
                      "weight": 1
                  },
                  {
                      "data": {
                          "Name": "minecraft:yellow_stained_glass"
                      },
                      "weight": 1
                  },
                  {
                      "data": {
                          "Name": "minecraft:lime_stained_glass"
                      },
                      "weight": 1
                  },
                  {
                      "data": {
                          "Name": "minecraft:green_stained_glass"
                      },
                      "weight": 1
                  },
                  {
                      "data": {
                          "Name": "minecraft:light_blue_stained_glass"
                      },
                      "weight": 1
                  },
                  {
                    "data": {
                        "Name": "minecraft:cyan_stained_glass"
                    },
                    "weight": 1
                  },
                  {
                    "data": {
                        "Name": "minecraft:blue_stained_glass"
                    },
                    "weight": 1
                  },
                  {
                    "data": {
                        "Name": "minecraft:magenta_stained_glass"
                    },
                    "weight": 1
                  },
                  {
                    "data": {
                        "Name": "minecraft:pink_stained_glass"
                    },
                    "weight": 1
                  },
                  {
                    "data": {
                        "Name": "minecraft:purple_stained_glass"
                    },
                    "weight": 1
                  },
                  {
                    "data": {
                        "Name": "minecraft:white_stained_glass"
                    },
                    "weight": 1
                  },
                  {
                    "data": {
                        "Name": "minecraft:light_gray_stained_glass"
                    },
                    "weight": 1
                  },
                  {
                    "data": {
                        "Name": "minecraft:gray_stained_glass"
                    },
                    "weight": 1
                  },
                  {
                    "data": {
                        "Name": "minecraft:brown_stained_glass"
                    },
                    "weight": 1
                  },
                  {
                    "data": {
                        "Name": "minecraft:black_stained_glass"
                    },
                    "weight": 1
                  }
              ]
            }
          }
      ],
      "direction": "up",
      "allowed_placement": {
        "blocks": "minecraft:air",
        "type": "minecraft:matching_blocks"
      },
      "prioritize_tip": true
    },
    "type": "minecraft:block_column"
  }