{
    "feature": "melody:a_note",
    "placement": [
        {
            "count": 255,
            "type": "minecraft:count"
        },
        {
            "count": 10,
            "type": "minecraft:count"
        },
        {
          "type": "minecraft:in_square"
        },
        {
          "height": {
            "type": "minecraft:weighted_list",
            "distribution": [
                {
                    "data": {
                        "type": "minecraft:uniform",
                        "max_inclusive": {
                            "absolute": 9
                        },
                        "min_inclusive": {
                            "absolute": 9
                        }
                    },
                    "weight": 1
                },
                {
                    "data": {
                        "type": "minecraft:uniform",
                        "max_inclusive": {
                            "absolute": 24
                        },
                        "min_inclusive": {
                            "absolute": 24
                        }
                    },
                    "weight": 1
                },
                {
                    "data": {
                        "type": "minecraft:uniform",
                        "max_inclusive": {
                            "absolute": 39
                        },
                        "min_inclusive": {
                            "absolute": 39
                        }
                    },
                    "weight": 1
                },
                {
                    "data": {
                        "type": "minecraft:uniform",
                        "max_inclusive": {
                            "absolute": 54
                        },
                        "min_inclusive": {
                            "absolute": 54
                        }
                    },
                    "weight": 1
                },
                {
                    "data": {
                        "type": "minecraft:uniform",
                        "max_inclusive": {
                            "absolute": 69
                        },
                        "min_inclusive": {
                            "absolute": 69
                        }
                    },
                    "weight": 1
                },
                {
                    "data": {
                        "type": "minecraft:uniform",
                        "max_inclusive": {
                            "absolute": 84
                        },
                        "min_inclusive": {
                            "absolute": 84
                        }
                    },
                    "weight": 1
                },
                {
                    "data": {
                        "type": "minecraft:uniform",
                        "max_inclusive": {
                            "absolute": 99
                        },
                        "min_inclusive": {
                            "absolute": 99
                        }
                    },
                    "weight": 1
                },
                {
                    "data": {
                        "type": "minecraft:uniform",
                        "max_inclusive": {
                            "absolute": 114
                        },
                        "min_inclusive": {
                            "absolute": 114
                        }
                    },
                    "weight": 1
                },
                {
                    "data": {
                        "type": "minecraft:uniform",
                        "max_inclusive": {
                            "absolute": 129
                        },
                        "min_inclusive": {
                            "absolute": 129
                        }
                    },
                    "weight": 1
                },
                {
                    "data": {
                        "type": "minecraft:uniform",
                        "max_inclusive": {
                            "absolute": 144
                        },
                        "min_inclusive": {
                            "absolute": 144
                        }
                    },
                    "weight": 1
                },
                {
                    "data": {
                        "type": "minecraft:uniform",
                        "max_inclusive": {
                            "absolute": 159
                        },
                        "min_inclusive": {
                            "absolute": 159
                        }
                    },
                    "weight": 1
                },
                {
                    "data": {
                        "type": "minecraft:uniform",
                        "max_inclusive": {
                            "absolute": 174
                        },
                        "min_inclusive": {
                            "absolute": 174
                        }
                    },
                    "weight": 1
                },
                {
                    "data": {
                        "type": "minecraft:uniform",
                        "max_inclusive": {
                            "absolute": 189
                        },
                        "min_inclusive": {
                            "absolute": 189
                        }
                    },
                    "weight": 1
                },
                {
                    "data": {
                        "type": "minecraft:uniform",
                        "max_inclusive": {
                            "absolute": 204
                        },
                        "min_inclusive": {
                            "absolute": 204
                        }
                    },
                    "weight": 1
                },
                {
                    "data": {
                        "type": "minecraft:uniform",
                        "max_inclusive": {
                            "absolute": 219
                        },
                        "min_inclusive": {
                            "absolute": 219
                        }
                    },
                    "weight": 1
                },
                {
                    "data": {
                        "type": "minecraft:uniform",
                        "max_inclusive": {
                            "absolute": 234
                        },
                        "min_inclusive": {
                            "absolute": 234
                        }
                    },
                    "weight": 1
                },
                {
                    "data": {
                        "type": "minecraft:uniform",
                        "max_inclusive": {
                            "absolute": 249
                        },
                        "min_inclusive": {
                            "absolute": 249
                        }
                    },
                    "weight": 1
                },
                {
                    "data": {
                        "type": "minecraft:uniform",
                        "max_inclusive": {
                            "absolute": 264
                        },
                        "min_inclusive": {
                            "absolute": 264
                        }
                    },
                    "weight": 1
                },
                {
                    "data": {
                        "type": "minecraft:uniform",
                        "max_inclusive": {
                            "absolute": 279
                        },
                        "min_inclusive": {
                            "absolute": 279
                        }
                    },
                    "weight": 1
                },
                {
                    "data": {
                        "type": "minecraft:uniform",
                        "max_inclusive": {
                            "absolute": 294
                        },
                        "min_inclusive": {
                            "absolute": 294
                        }
                    },
                    "weight": 1
                },
                {
                    "data": {
                        "type": "minecraft:uniform",
                        "max_inclusive": {
                            "absolute": 309
                        },
                        "min_inclusive": {
                            "absolute": 309
                        }
                    },
                    "weight": 1
                }                                                                                           
            ]
          },
          "type": "minecraft:height_range"
        },
        {
          "type": "minecraft:biome"
        }
    ]
}