{
  "type": "minecraft:archaeology",
  "pools": [
    {
      "bonus_rolls": 0.0,
      "entries": [
        {
          "type": "minecraft:item",
          "name": "minecraft:archer_pottery_sherd",
          "weight": 10
        },
        {
          "type": "minecraft:item",
          "name": "minecraft:miner_pottery_sherd",
          "weight": 10
        },
        {
          "type": "minecraft:item",
          "name": "minecraft:prize_pottery_sherd",
          "weight": 10
        },
        {
          "type": "minecraft:item",
          "name": "minecraft:skull_pottery_sherd",
          "weight": 10
        },
        {
          "type": "minecraft:item",
          "name": "minecraft:diamond",
          "weight": 5
        },
        {
          "type": "minecraft:item",
          "name": "minecraft:tnt"
        },
        {
          "type": "minecraft:item",
          "name": "minecraft:gunpowder"
        },
        {
          "type": "minecraft:item",
          "name": "minecraft:emerald",
          "weight": 5
        }
      ],
      "rolls": 1.0
    }
  ],
  "random_sequence": "minecraft:archaeology/desert_pyramid"
}