{
	"type": "origins:active_self",
	"entity_action": {
		"type": "origins:if_else",
		"condition": {
			"type": "origins:and",
			"conditions": [
				{
					"type": "origins:equipped_item",
					"equipment_slot": "mainhand",
					"item_condition": {
						"type": "origins:ingredient",
						"ingredient": {
							"item": "minecraft:music_disc_creator_music_box"
						}
					}
				},
				{
					"type": "origins:resource",
					"resource": "melody:is_empty",
					"comparison": "==",
					"compare_to": 1
				}
			]
		},
		"if_action": {
			"type": "origins:and",
			"actions": [
				{
					"type": "origins:execute_command",
					"command": "playsound minecraft:music_disc.creator_music_box record @s ~ ~ ~ 100",
					"permission_level": 4
				},
				{
					"type": "origins:equipped_item_action",
					"equipment_slot": "mainhand",
					"action": {
						"type": "origins:consume",
						"amount": 1
					}
				},
				{
					"type": "origins:execute_command",
					"command": "resource set @s melody:is_empty 0",
					"permission_level": 4
				},
				{
					"type": "origins:execute_command",
					"command": "power grant @s melody:creator_music_box_active",
					"permission_level": 4
				},
				{
					"type": "origins:execute_command",
					"command": "power grant @s melody:creator_music_box_powers",
					"permission_level": 4
				},
				{
					"type": "origins:execute_command",
					"command": "function melody:disc/creator_music_box",
					"permission_level": 4
				}
			]
		}
	},
	"cooldown": 5,
	"hud_render": {
		"should_render": false
	},
	"key": {
		"key": "key.origins.primary_active"
	},
	"name": "§6§l§nCRETOR §e§l§n(MUSIC BOX)",
	"description": "A soothing melody from a music box creates new life.\n§aPros: new recipes, small, no exhaustion\n§r§cCons: rotating, weak"
}