{
	"type": "origins:multiple",
    "pocket_crafting": {
        "type": "origins:active_self",
        "entity_action": {
            "type": "origins:crafting_table"
        },
        "cooldown": 5,
        "hud_render": {
		    "should_render": false
	    },
	    "key": {
		    "key": "key.origins.secondary_active"
	    },
		"condition": {
			"type": "origins:food_level",
			"comparison": "!=",
			"compare_to": 0
		}
    },
    "rotate": {
        "type": "origins:action_over_time",
        "interval": 1,
        "entity_action": {
            "type": "origins:execute_command",
            "command": "tp @s ~ ~ ~ ~1 0",
            "permission_level": 4
        },
        "condition": {
            "type": "origins:or",
            "conditions": [
                {
                    "type": "origins:resource",
			        "resource": "melody:creator_active",
			        "comparison": "<=",
			        "compare_to": 14
                },
                {
                    "type": "origins:resource",
			        "resource": "melody:creator_active",
			        "comparison": ">=",
			        "compare_to": 162
                }
            ] 
        }
    },
    "immobility": {
        "type": "origins:modify_velocity",
        "modifier": {
          "amount": 0,
          "operation": "set_total"
        },
        "axes": [
          "x",
          "z"
        ],
        "condition": {
            "type": "origins:or",
            "conditions": [
                {
                    "type": "origins:resource",
			        "resource": "melody:creator_active",
			        "comparison": "<=",
			        "compare_to": 14
                },
                {
                    "type": "origins:resource",
			        "resource": "melody:creator_active",
			        "comparison": ">=",
			        "compare_to": 162
                },
				{
					"type": "origins:food_level",
					"comparison": "==",
					"compare_to": 0
				}
            ] 
        }
    },
	"no_jumping": {
		"type": "origins:modify_jump",
		"modifier": {
			"operation": "set_total",
			"amount": 0
		},
		"condition": {
			"type": "origins:or",
            "conditions": [
                {
                    "type": "origins:resource",
			        "resource": "melody:creator_active",
			        "comparison": "<=",
			        "compare_to": 14
                },
                {
                    "type": "origins:resource",
			        "resource": "melody:creator_active",
			        "comparison": ">=",
			        "compare_to": 162
                },
				{
					"type": "origins:food_level",
					"comparison": "==",
					"compare_to": 0
				}
            ]
		}
	},
	"crafter_head": {
		"type": "origins:action_on_callback",
		"entity_action_gained": {
			"type": "origins:and",
			"actions": [
				{
					"type": "origins:drop_inventory",
					"slot": "armor.head",
					"throw_randomly": true
				},
				{
					"type": "origins:execute_command",
					"command": "item replace entity @s armor.head with minecraft:crafter[minecraft:enchantments={levels:{'minecraft:binding_curse':1}}]"
				},
				{
					"type": "origins:execute_command",
					"command": "playsound minecraft:block.copper.place voice @a ~ ~ ~ 1 1"
				},
				{
					"type": "origins:execute_command",
					"command": "particle minecraft:block{block_state:'minecraft:copper_block'} ~ ~1.5 ~ 0.2 0.2 0.2 1 20"
				}
			]
		},
		"entity_action_lost": {
			"type": "origins:and",
			"actions": [
				{
					"type": "origins:execute_command",
					"command": "item replace entity @s armor.head with minecraft:air"
				},
				{
					"type": "origins:execute_command",
					"command": "playsound minecraft:block.copper.place voice @a ~ ~ ~ 1 1"
				},
				{
					"type": "origins:execute_command",
					"command": "particle minecraft:block{block_state:'minecraft:copper_block'} ~ ~1.5 ~ 0.2 0.2 0.2 1 20"
				}
			]
		},
		"entity_action_respawned": {
			"type": "origins:execute_command",
			"command": "item replace entity @s armor.head with minecraft:crafter[minecraft:enchantments={levels:{'minecraft:binding_curse':1}}]"
		}
	},
	"crafter_head_remove_on_death": {
		"type": "origins:action_on_death",
		"bientity_action": {
			"type": "origins:target_action",
			"action": {
				"type": "origins:execute_command",
				"command": "kill @n[type=minecraft:item,nbt={Item: {components: {'minecraft:enchantments': {levels: {'minecraft:binding_curse': 1}}}, count: 1, id: 'minecraft:crafter'}}]"
			}
		}
	},
	"redstone_consumption": {
		"type": "origins:action_over_time",
		"entity_action": {
			"type": "origins:exhaust",
			"amount": 1.0
		},
		"interval": 60
	},
	"redstone_consumption_while_walking": {
		"type": "origins:modify_exhaustion",
		"modifier": {
			"operation": "multiply_total_additive",
			"amount": 2
		}
	},
	"no_food": {
		"type": "origins:prevent_item_use",
		"item_condition": {
			"type": "origins:and",
			"conditions": [
				{
					"type": "origins:food"
				},
				{
					"type": "origins:ingredient",
					"ingredient": {
						"item": "minecraft:redstone"
					},
					"inverted": true
				},
				{
					"type": "origins:ingredient",
					"ingredient": {
						"item": "minecraft:redstone_block"
					},
					"inverted": true
				}
			]
		}
	},
	"eat_redstone": {
		"type": "origins:edible_item",
		"item_condition": {
			"type": "origins:ingredient",
			"ingredient": {
				"item": "minecraft:redstone"
			}
		},
		"food_component": {
			"nutrition": 1,
			"saturation": 1,
			"meat": false
		},
		"use_action": "eat"
	},
	"eat_redstone_block": {
		"type": "origins:edible_item",
		"item_condition": {
			"type": "origins:ingredient",
			"ingredient": {
				"item": "minecraft:redstone_block"
			}
		},
		"food_component": {
			"nutrition": 9,
			"saturation": 3,
			"meat": false
		},
		"use_action": "eat",
		"consuming_time_modifier": {
			"operation": "multiply_total_multiplicative",
			"amount": 1
		}
	},
	"slowness": {
		"type": "origins:attribute",
		"modifier": {
			"id": "melody_creator_slowness",
			"attribute": "minecraft:generic.movement_speed",
			"amount": -0.02,
			"operation": "add_value"
		}
	},
	"sinking": {
		"type": "origins:ignore_water"
	},
	"angler_pottery_sherd_recipe":{
  "type": "origins:recipe",
  "recipe": {
  "id": "melody:angler_pottery_sherd_recipe",
  "type": "minecraft:crafting_shapeless",
  "category": "misc",
  "ingredients": [
    {
      "item": "minecraft:angler_pottery_sherd"
    },
    {
      "item": "minecraft:brick"
    },
    {
      "item": "minecraft:ink_sac"
    },
    {
      "item": "minecraft:feather"
    }
  ],
  "result": {
    "id": "minecraft:angler_pottery_sherd",
    "count": 2
  }
}
},
"archer_pottery_sherd_recipe":{
  "type": "origins:recipe",
  "recipe": {
  "id": "melody:archer_pottery_sherd_recipe",
  "type": "minecraft:crafting_shapeless",
  "category": "misc",
  "ingredients": [
    {
      "item": "minecraft:archer_pottery_sherd"
    },
    {
      "item": "minecraft:brick"
    },
    {
      "item": "minecraft:ink_sac"
    },
    {
      "item": "minecraft:feather"
    }
  ],
  "result": {
    "id": "minecraft:archer_pottery_sherd",
    "count": 2
  }
}
},
"arms_up_pottery_sherd_recipe":{
  "type": "origins:recipe",
  "recipe": {
  "id": "melody:arms_up_pottery_sherd_recipe",
  "type": "minecraft:crafting_shapeless",
  "category": "misc",
  "ingredients": [
    {
      "item": "minecraft:arms_up_pottery_sherd"
    },
    {
      "item": "minecraft:brick"
    },
    {
      "item": "minecraft:ink_sac"
    },
    {
      "item": "minecraft:feather"
    }
  ],
  "result": {
    "id": "minecraft:arms_up_pottery_sherd",
    "count": 2
  }
}
},
"bell_recipe":{
  "type": "origins:recipe",
  "recipe": {
  "id": "melody:bell_recipe",
  "type": "minecraft:crafting_shaped",
  "category": "redstone",
  "pattern": [
    "///",
    "|#|"
  ],
  "key": {
    "#": {
      "item": "minecraft:gold_block"
    },
    "/": {
      "item": "minecraft:stick"
    },
    "|": {
      "item": "minecraft:stone_brick_wall"
    }
  },
  "result": {
    "id": "minecraft:bell"
  }
}
},
"blade_pottery_sherd_recipe":{
  "type": "origins:recipe",
  "recipe": {
  "id": "melody:blade_pottery_sherd_recipe",
  "type": "minecraft:crafting_shapeless",
  "category": "misc",
  "ingredients": [
    {
      "item": "minecraft:blade_pottery_sherd"
    },
    {
      "item": "minecraft:brick"
    },
    {
      "item": "minecraft:ink_sac"
    },
    {
      "item": "minecraft:feather"
    }
  ],
  "result": {
    "id": "minecraft:blade_pottery_sherd",
    "count": 2
  }
}
},
"brewer_pottery_sherd_recipe":{
  "type": "origins:recipe",
  "recipe": {
  "id": "melody:brewer_pottery_sherd_recipe",
  "type": "minecraft:crafting_shapeless",
  "category": "misc",
  "ingredients": [
    {
      "item": "minecraft:brewer_pottery_sherd"
    },
    {
      "item": "minecraft:brick"
    },
    {
      "item": "minecraft:ink_sac"
    },
    {
      "item": "minecraft:feather"
    }
  ],
  "result": {
    "id": "minecraft:brewer_pottery_sherd",
    "count": 2
  }
}
},
"burn_pottery_sherd_recipe":{
  "type": "origins:recipe",
  "recipe": {
  "id": "melody:burn_pottery_sherd_recipe",
  "type": "minecraft:crafting_shapeless",
  "category": "misc",
  "ingredients": [
    {
      "item": "minecraft:burn_pottery_sherd"
    },
    {
      "item": "minecraft:brick"
    },
    {
      "item": "minecraft:ink_sac"
    },
    {
      "item": "minecraft:feather"
    }
  ],
  "result": {
    "id": "minecraft:burn_pottery_sherd",
    "count": 2
  }
}
},
"chainmail_boots_recipe":{
  "type": "origins:recipe",
  "recipe": {
  "id": "melody:chainmail_boots_recipe",
  "type": "minecraft:crafting_shaped",
  "category": "equipment",
  "pattern": [
    "# #",
    "# #"
  ],
  "key": {
    "#": {
      "item": "minecraft:chain"
    }
  },
  "result": {
    "id": "minecraft:chainmail_boots"
  }
}
},
"chainmail_chestplate_recipe":{
  "type": "origins:recipe",
  "recipe": {
  "id": "melody:chainmail_chestplate_recipe",
  "type": "minecraft:crafting_shaped",
  "category": "equipment",
  "pattern": [
    "# #",
    "###",
    "###"
  ],
  "key": {
    "#": {
      "item": "minecraft:chain"
    }
  },
  "result": {
    "id": "minecraft:chainmail_chestplate"
  }
}
},
"chainmail_helmet_recipe":{
  "type": "origins:recipe",
  "recipe": {
  "id": "melody:chainmail_helmet_recipe",
  "type": "minecraft:crafting_shaped",
  "category": "equipment",
  "pattern": [
    "###",
    "# #"
  ],
  "key": {
    "#": {
      "item": "minecraft:chain"
    }
  },
  "result": {
    "id": "minecraft:chainmail_helmet"
  }
}
},
"chainmail_leggings_recipe":{
  "type": "origins:recipe",
  "recipe": {
  "id": "melody:chainmail_leggings_recipe",
  "type": "minecraft:crafting_shaped",
  "category": "equipment",
  "pattern": [
    "###",
    "# #",
    "# #"
  ],
  "key": {
    "#": {
      "item": "minecraft:chain"
    }
  },
  "result": {
    "id": "minecraft:chainmail_leggings"
  }
}
},
"crying_obsidian_recipe":{
  "type": "origins:recipe",
  "recipe": {
  "id": "melody:crying_obsidian_recipe",
  "type": "minecraft:crafting_shaped",
  "category": "blocks",
  "pattern": [
    "ggg",
    "g#g",
    "ggg"
  ],
  "key": {
    "#": {
      "item": "minecraft:obsidian"
    },
    "g": {
      "item": "minecraft:ghast_tear"
    }
  },
  "result": {
    "id": "minecraft:crying_obsidian"
  }
}
},
"danger_pottery_sherd_recipe":{
  "type": "origins:recipe",
  "recipe": {
  "id": "melody:danger_pottery_sherd_recipe",
  "type": "minecraft:crafting_shapeless",
  "category": "misc",
  "ingredients": [
    {
      "item": "minecraft:danger_pottery_sherd"
    },
    {
      "item": "minecraft:brick"
    },
    {
      "item": "minecraft:ink_sac"
    },
    {
      "item": "minecraft:feather"
    }
  ],
  "result": {
    "id": "minecraft:danger_pottery_sherd",
    "count": 2
  }
}
},
"diamond_horse_armor_recipe":{
  "type": "origins:recipe",
  "recipe": {
  "id": "melody:diamond_horse_armor_recipe",
  "type": "minecraft:crafting_shaped",
  "category": "misc",
  "pattern": [
    "  #",
    "###",
    "# #"
  ],
  "key": {
    "#": {
      "item": "minecraft:diamond"
    }
  },
  "result": {
    "id": "minecraft:diamond_horse_armor"
  }
}
},
"echo_shard_recipe":{
  "type": "origins:recipe",
  "recipe": {
  "id": "melody:echo_shard_recipe",
  "type": "minecraft:crafting_shapeless",
  "category": "misc",
  "ingredients": [
    {
      "item": "minecraft:amethyst_shard"
    },
    {
      "item": "minecraft:sculk_vein"
    }
  ],
  "result": {
    "id": "minecraft:echo_shard"
  }
}
},
"elytra_recipe":{
  "type": "origins:recipe",
  "recipe": {
  "id": "melody:elytra_recipe",
  "type": "minecraft:crafting_shaped",
  "category": "equipment",
  "pattern": [
    "#-#",
    "# #",
    "# #"
  ],
  "key": {
    "#": {
      "item": "minecraft:phantom_membrane"
    },
    "-": {
      "item": "minecraft:breeze_rod"
    }
  },
  "result": {
    "id": "minecraft:elytra"
  }
}
},
"end_portal_frame_recipe":{
  "type": "origins:recipe",
  "recipe": {
  "id": "melody:end_portal_frame_recipe",
  "type": "minecraft:crafting_shaped",
  "category": "misc",
  "pattern": [
    "eee",
    "sos",
    "###"
  ],
  "key": {
    "#": {
      "item": "minecraft:end_stone"
    },
    "s": {
      "item": "minecraft:echo_shard"
    },
    "o": {
      "item": "minecraft:obsidian"
    },
    "e": {
      "item": "minecraft:emerald"
    }
  },
  "result": {
    "id": "minecraft:end_portal_frame"
  }
}
},
"explorer_pottery_sherd_recipe":{
  "type": "origins:recipe",
  "recipe": {
  "id": "melody:explorer_pottery_sherd_recipe",
  "type": "minecraft:crafting_shapeless",
  "category": "misc",
  "ingredients": [
    {
      "item": "minecraft:explorer_pottery_sherd"
    },
    {
      "item": "minecraft:brick"
    },
    {
      "item": "minecraft:ink_sac"
    },
    {
      "item": "minecraft:feather"
    }
  ],
  "result": {
    "id": "minecraft:explorer_pottery_sherd",
    "count": 2
  }
}
},
"flow_banner_pattern_recipe":{
  "type": "origins:recipe",
  "recipe": {
  "id": "melody:flow_banner_pattern_recipe",
  "type": "minecraft:crafting_shapeless",
  "category": "misc",
  "ingredients": [
    {
      "item": "minecraft:paper"
    },
    {
      "item": "minecraft:wind_charge"
    }
  ],
  "result": {
    "id": "minecraft:flow_banner_pattern"
  }
}
},
"flow_pottery_sherd_recipe":{
  "type": "origins:recipe",
  "recipe": {
  "id": "melody:flow_pottery_sherd_recipe",
  "type": "minecraft:crafting_shapeless",
  "category": "misc",
  "ingredients": [
    {
      "item": "minecraft:flow_pottery_sherd"
    },
    {
      "item": "minecraft:brick"
    },
    {
      "item": "minecraft:ink_sac"
    },
    {
      "item": "minecraft:feather"
    }
  ],
  "result": {
    "id": "minecraft:flow_pottery_sherd",
    "count": 2
  }
}
},
"friend_pottery_sherd_recipe":{
  "type": "origins:recipe",
  "recipe": {
  "id": "melody:friend_pottery_sherd_recipe",
  "type": "minecraft:crafting_shapeless",
  "category": "misc",
  "ingredients": [
    {
      "item": "minecraft:friend_pottery_sherd"
    },
    {
      "item": "minecraft:brick"
    },
    {
      "item": "minecraft:ink_sac"
    },
    {
      "item": "minecraft:feather"
    }
  ],
  "result": {
    "id": "minecraft:friend_pottery_sherd",
    "count": 2
  }
}
},
"gilded_blackstone_recipe":{
  "type": "origins:recipe",
  "recipe": {
  "id": "melody:gilded_blackstone_recipe",
  "type": "minecraft:crafting_shaped",
  "category": "building",
  "pattern": [
    "ggg",
    "g#g",
    "ggg"
  ],
  "key": {
    "#": {
      "item": "minecraft:blackstone"
    },
    "g": {
      "item": "minecraft:gold_nugget"
    }
  },
  "result": {
    "id": "minecraft:gilded_blackstone"
  }
}
},
"globe_banner_pattern_recipe":{
  "type": "origins:recipe",
  "recipe": {
  "id": "melody:globe_banner_pattern_recipe",
  "type": "minecraft:crafting_shapeless",
  "category": "misc",
  "ingredients": [
    {
      "item": "minecraft:paper"
    },
    {
      "item": "minecraft:heart_of_the_sea"
    },
    {
      "item": "minecraft:grass_block"
    }
  ],
  "result": {
    "id": "minecraft:globe_banner_pattern"
  }
}
},
"golden_horse_armor_recipe":{
  "type": "origins:recipe",
  "recipe": {
  "id": "melody:golden_horse_armor_recipe",
  "type": "minecraft:crafting_shaped",
  "category": "misc",
  "pattern": [
    "  #",
    "###",
    "# #"
  ],
  "key": {
    "#": {
      "item": "minecraft:gold_ingot"
    }
  },
  "result": {
    "id": "minecraft:golden_horse_armor"
  }
}
},
"guster_banner_pattern_recipe":{
  "type": "origins:recipe",
  "recipe": {
  "id": "melody:guster_banner_pattern_recipe",
  "type": "minecraft:crafting_shapeless",
  "category": "misc",
  "ingredients": [
    {
      "item": "minecraft:paper"
    },
    {
      "item": "minecraft:breeze_rod"
    }
  ],
  "result": {
    "id": "minecraft:guster_banner_pattern"
  }
}
},
"guster_pottery_sherd_recipe":{
  "type": "origins:recipe",
  "recipe": {
  "id": "melody:guster_pottery_sherd_recipe",
  "type": "minecraft:crafting_shapeless",
  "category": "misc",
  "ingredients": [
    {
      "item": "minecraft:guster_pottery_sherd"
    },
    {
      "item": "minecraft:brick"
    },
    {
      "item": "minecraft:ink_sac"
    },
    {
      "item": "minecraft:feather"
    }
  ],
  "result": {
    "id": "minecraft:guster_pottery_sherd",
    "count": 2
  }
}
},
"heartbreak_pottery_sherd_recipe":{
  "type": "origins:recipe",
  "recipe": {
  "id": "melody:heartbreak_pottery_sherd_recipe",
  "type": "minecraft:crafting_shapeless",
  "category": "misc",
  "ingredients": [
    {
      "item": "minecraft:heartbreak_pottery_sherd"
    },
    {
      "item": "minecraft:brick"
    },
    {
      "item": "minecraft:ink_sac"
    },
    {
      "item": "minecraft:feather"
    }
  ],
  "result": {
    "id": "minecraft:heartbreak_pottery_sherd",
    "count": 2
  }
}
},
"heart_pottery_sherd_recipe":{
  "type": "origins:recipe",
  "recipe": {
  "id": "melody:heart_pottery_sherd_recipe",
  "type": "minecraft:crafting_shapeless",
  "category": "misc",
  "ingredients": [
    {
      "item": "minecraft:heart_pottery_sherd"
    },
    {
      "item": "minecraft:brick"
    },
    {
      "item": "minecraft:ink_sac"
    },
    {
      "item": "minecraft:feather"
    }
  ],
  "result": {
    "id": "minecraft:heart_pottery_sherd",
    "count": 2
  }
}
},
"heavy_core_recipe":{
  "type": "origins:recipe",
  "recipe": {
  "id": "melody:heavy_core_recipe",
  "type": "minecraft:crafting_shaped",
  "category": "misc",
  "pattern": [
    "###",
    "#o#",
    "###"
  ],
  "key": {
    "#": {
      "item": "minecraft:iron_block"
    },
    "o": {
      "item": "minecraft:netherite_block"
    }
  },
  "result": {
    "id": "minecraft:heavy_core"
  }
}
},
"howl_pottery_sherd_recipe":{
  "type": "origins:recipe",
  "recipe": {
  "id": "melody:howl_pottery_sherd_recipe",
  "type": "minecraft:crafting_shapeless",
  "category": "misc",
  "ingredients": [
    {
      "item": "minecraft:howl_pottery_sherd"
    },
    {
      "item": "minecraft:brick"
    },
    {
      "item": "minecraft:ink_sac"
    },
    {
      "item": "minecraft:feather"
    }
  ],
  "result": {
    "id": "minecraft:howl_pottery_sherd",
    "count": 2
  }
}
},
"infested_chiseled_stone_bricks_recipe":{
  "type": "origins:recipe",
  "recipe": {
  "id": "melody:infested_chiseled_stone_bricks_recipe",
  "type": "minecraft:crafting_shapeless",
  "category": "misc",
  "ingredients": [
    {
      "item": "minecraft:chiseled_stone_bricks"
    },
    {
      "item": "minecraft:silverfish_spawn_egg"
    }
  ],
  "result": {
    "id": "minecraft:infested_chiseled_stone_bricks"
  }
}
},
"infested_cobblestone_recipe":{
  "type": "origins:recipe",
  "recipe": {
  "id": "melody:infested_cobblestone_recipe",
  "type": "minecraft:crafting_shapeless",
  "category": "misc",
  "ingredients": [
    {
      "item": "minecraft:cobblestone"
    },
    {
      "item": "minecraft:silverfish_spawn_egg"
    }
  ],
  "result": {
    "id": "minecraft:infested_cobblestone"
  }
}
},
"infested_cracked_stone_bricks_recipe":{
  "type": "origins:recipe",
  "recipe": {
  "id": "melody:infested_cracked_stone_bricks_recipe",
  "type": "minecraft:crafting_shapeless",
  "category": "misc",
  "ingredients": [
    {
      "item": "minecraft:cracked_stone_bricks"
    },
    {
      "item": "minecraft:silverfish_spawn_egg"
    }
  ],
  "result": {
    "id": "minecraft:infested_cracked_stone_bricks"
  }
}
},
"infested_deepslate_recipe":{
  "type": "origins:recipe",
  "recipe": {
  "id": "melody:infested_deepslate_recipe",
  "type": "minecraft:crafting_shapeless",
  "category": "misc",
  "ingredients": [
    {
      "item": "minecraft:deepslate"
    },
    {
      "item": "minecraft:silverfish_spawn_egg"
    }
  ],
  "result": {
    "id": "minecraft:infested_deepslate"
  }
}
},
"infested_mossy_stone_bricks_recipe":{
  "type": "origins:recipe",
  "recipe": {
  "id": "melody:infested_mossy_stone_bricks_recipe",
  "type": "minecraft:crafting_shapeless",
  "category": "misc",
  "ingredients": [
    {
      "item": "minecraft:mossy_stone_bricks"
    },
    {
      "item": "minecraft:silverfish_spawn_egg"
    }
  ],
  "result": {
    "id": "minecraft:infested_mossy_stone_bricks"
  }
}
},
"infested_stone_recipe":{
  "type": "origins:recipe",
  "recipe": {
  "id": "melody:infested_stone_recipe",
  "type": "minecraft:crafting_shapeless",
  "category": "misc",
  "ingredients": [
    {
      "item": "minecraft:stone"
    },
    {
      "item": "minecraft:silverfish_spawn_egg"
    }
  ],
  "result": {
    "id": "minecraft:infested_stone"
  }
}
},
"iron_horse_armor_recipe":{
  "type": "origins:recipe",
  "recipe": {
  "id": "melody:iron_horse_armor_recipe",
  "type": "minecraft:crafting_shaped",
  "category": "misc",
  "pattern": [
    "  #",
    "###",
    "# #"
  ],
  "key": {
    "#": {
      "item": "minecraft:iron_ingot"
    }
  },
  "result": {
    "id": "minecraft:iron_horse_armor"
  }
}
},
"leather_horse_armor_recipe":{
  "type": "origins:recipe",
  "recipe": {
  "id": "melody:leather_horse_armor_recipe",
  "type": "minecraft:crafting_shaped",
  "category": "misc",
  "pattern": [
    "  #",
    "###",
    "# #"
  ],
  "key": {
    "#": {
      "item": "minecraft:leather"
    }
  },
  "result": {
    "id": "minecraft:leather_horse_armor"
  }
}
},
"miner_pottery_sherd_recipe":{
  "type": "origins:recipe",
  "recipe": {
  "id": "melody:miner_pottery_sherd_recipe",
  "type": "minecraft:crafting_shapeless",
  "category": "misc",
  "ingredients": [
    {
      "item": "minecraft:miner_pottery_sherd"
    },
    {
      "item": "minecraft:brick"
    },
    {
      "item": "minecraft:ink_sac"
    },
    {
      "item": "minecraft:feather"
    }
  ],
  "result": {
    "id": "minecraft:miner_pottery_sherd",
    "count": 2
  }
}
},
"mourner_pottery_sherd_recipe":{
  "type": "origins:recipe",
  "recipe": {
  "id": "melody:mourner_pottery_sherd_recipe",
  "type": "minecraft:crafting_shapeless",
  "category": "misc",
  "ingredients": [
    {
      "item": "minecraft:mourner_pottery_sherd"
    },
    {
      "item": "minecraft:brick"
    },
    {
      "item": "minecraft:ink_sac"
    },
    {
      "item": "minecraft:feather"
    }
  ],
  "result": {
    "id": "minecraft:mourner_pottery_sherd",
    "count": 2
  }
}
},
"name_tag_recipe":{
  "type": "origins:recipe",
  "recipe": {
  "id": "melody:name_tag_recipe",
  "type": "minecraft:crafting_shapeless",
  "category": "misc",
  "ingredients": [
    {
      "item": "minecraft:paper"
    },
    {
      "item": "minecraft:string"
    }
  ],
  "result": {
    "id": "minecraft:name_tag"
  }
}
},
"ominous_trial_key_recipe":{
  "type": "origins:recipe",
  "recipe": {
  "id": "melody:ominous_trial_key_recipe",
  "type": "minecraft:crafting_shaped",
  "category": "misc",
  "pattern": [
    "###",
    " | ",
    " | "
  ],
  "key": {
    "#": {
      "item": "minecraft:wither_skeleton_skull"
    },
    "|": {
      "item": "minecraft:copper_ingot"
    }
  },
  "result": {
    "id": "minecraft:ominous_trial_key"
  }
}
},
"plenty_pottery_sherd_recipe":{
  "type": "origins:recipe",
  "recipe": {
  "id": "melody:plenty_pottery_sherd_recipe",
  "type": "minecraft:crafting_shapeless",
  "category": "misc",
  "ingredients": [
    {
      "item": "minecraft:plenty_pottery_sherd"
    },
    {
      "item": "minecraft:brick"
    },
    {
      "item": "minecraft:ink_sac"
    },
    {
      "item": "minecraft:feather"
    }
  ],
  "result": {
    "id": "minecraft:plenty_pottery_sherd",
    "count": 2
  }
}
},
"prize_pottery_sherd_recipe":{
  "type": "origins:recipe",
  "recipe": {
  "id": "melody:prize_pottery_sherd_recipe",
  "type": "minecraft:crafting_shapeless",
  "category": "misc",
  "ingredients": [
    {
      "item": "minecraft:prize_pottery_sherd"
    },
    {
      "item": "minecraft:brick"
    },
    {
      "item": "minecraft:ink_sac"
    },
    {
      "item": "minecraft:feather"
    }
  ],
  "result": {
    "id": "minecraft:prize_pottery_sherd",
    "count": 2
  }
}
},
"reinforced_deepslate_recipe":{
  "type": "origins:recipe",
  "recipe": {
  "id": "melody:reinforced_deepslate_recipe",
  "type": "minecraft:crafting_shaped",
  "category": "building",
  "pattern": [
    "d/d",
    "/#/",
    "o/o"
  ],
  "key": {
    "/": {
      "item": "minecraft:bone_block"
    },
    "o": {
      "item": "minecraft:obsidian"
    },
    "#": {
      "item": "minecraft:deepslate_tiles"
    },
    "d": {
      "item": "minecraft:diamond"
    }
  },
  "result": {
    "id": "minecraft:reinforced_deepslate"
  }
}
},
"saddle_recipe":{
  "type": "origins:recipe",
  "recipe": {
  "id": "melody:saddle_recipe",
  "type": "minecraft:crafting_shaped",
  "category": "misc",
  "pattern": [
    "# #",
    "###",
    "o o"
  ],
  "key": {
    "#": {
      "item": "minecraft:leather"
    },
    "o": {
      "item": "minecraft:tripwire_hook"
    }
  },
  "result": {
    "id": "minecraft:saddle"
  }
}
},
"scrape_pottery_sherd_recipe":{
  "type": "origins:recipe",
  "recipe": {
  "id": "melody:scrape_pottery_sherd_recipe",
  "type": "minecraft:crafting_shapeless",
  "category": "misc",
  "ingredients": [
    {
      "item": "minecraft:scrape_pottery_sherd"
    },
    {
      "item": "minecraft:brick"
    },
    {
      "item": "minecraft:ink_sac"
    },
    {
      "item": "minecraft:feather"
    }
  ],
  "result": {
    "id": "minecraft:scrape_pottery_sherd",
    "count": 2
  }
}
},
"sheaf_pottery_sherd_recipe":{
  "type": "origins:recipe",
  "recipe": {
  "id": "melody:sheaf_pottery_sherd_recipe",
  "type": "minecraft:crafting_shapeless",
  "category": "misc",
  "ingredients": [
    {
      "item": "minecraft:sheaf_pottery_sherd"
    },
    {
      "item": "minecraft:brick"
    },
    {
      "item": "minecraft:ink_sac"
    },
    {
      "item": "minecraft:feather"
    }
  ],
  "result": {
    "id": "minecraft:sheaf_pottery_sherd",
    "count": 2
  }
}
},
"shelter_pottery_sherd_recipe":{
  "type": "origins:recipe",
  "recipe": {
  "id": "melody:shelter_pottery_sherd_recipe",
  "type": "minecraft:crafting_shapeless",
  "category": "misc",
  "ingredients": [
    {
      "item": "minecraft:shelter_pottery_sherd"
    },
    {
      "item": "minecraft:brick"
    },
    {
      "item": "minecraft:ink_sac"
    },
    {
      "item": "minecraft:feather"
    }
  ],
  "result": {
    "id": "minecraft:shelter_pottery_sherd",
    "count": 2
  }
}
},
"skull_pottery_sherd_recipe":{
  "type": "origins:recipe",
  "recipe": {
  "id": "melody:skull_pottery_sherd_recipe",
  "type": "minecraft:crafting_shapeless",
  "category": "misc",
  "ingredients": [
    {
      "item": "minecraft:skull_pottery_sherd"
    },
    {
      "item": "minecraft:brick"
    },
    {
      "item": "minecraft:ink_sac"
    },
    {
      "item": "minecraft:feather"
    }
  ],
  "result": {
    "id": "minecraft:skull_pottery_sherd",
    "count": 2
  }
}
},
"snort_pottery_sherd_recipe":{
  "type": "origins:recipe",
  "recipe": {
  "id": "melody:snort_pottery_sherd_recipe",
  "type": "minecraft:crafting_shapeless",
  "category": "misc",
  "ingredients": [
    {
      "item": "minecraft:snort_pottery_sherd"
    },
    {
      "item": "minecraft:brick"
    },
    {
      "item": "minecraft:ink_sac"
    },
    {
      "item": "minecraft:feather"
    }
  ],
  "result": {
    "id": "minecraft:snort_pottery_sherd",
    "count": 2
  }
}
},
"piglin_banner_pattern_recipe":{
  "type": "origins:recipe",
  "recipe": {
  "id": "melody:piglin_banner_pattern_recipe",
  "type": "minecraft:crafting_shapeless",
  "category": "misc",
  "ingredients": [
    {
      "item": "minecraft:paper"
    },
    {
      "item": "minecraft:piglin_head"
    }
  ],
  "result": {
    "id": "minecraft:piglin_banner_pattern"
  }
}
},
"spawner_recipe":{
  "type": "origins:recipe",
  "recipe": {
  "id": "melody:spawner_recipe",
  "type": "minecraft:crafting_shaped",
  "category": "misc",
  "pattern": [
    "c#c",
    "#o#",
    "c#c"
  ],
  "key": {
    "#": {
      "item": "minecraft:iron_bars"
    },
    "o": {
      "item": "minecraft:dragon_breath"
    },
    "c": {
      "item": "minecraft:iron_ingot"
    }
  },
  "result": {
    "id": "minecraft:spawner"
  }
}
},
"totem_of_undying_recipe":{
  "type": "origins:recipe",
  "recipe": {
  "id": "melody:totem_of_undying_recipe",
  "type": "minecraft:crafting_shaped",
  "category": "misc",
  "pattern": [
    "ege",
    "bsb",
    "tgm"
  ],
  "key": {
    "e": {
      "item": "minecraft:emerald"
    },
    "g": {
      "item": "minecraft:gold_ingot"
    },
    "b": {
      "item": "minecraft:gold_block"
    },
    "t": {
      "item": "minecraft:ghast_tear"
    },
    "m": {
      "item": "minecraft:magma_cream"
    },
    "s": {
      "item": "minecraft:glistering_melon_slice"
    }
  },
  "result": {
    "id": "minecraft:totem_of_undying"
  }
}
},
"trial_key_recipe":{
  "type": "origins:recipe",
  "recipe": {
  "id": "melody:trial_key_recipe",
  "type": "minecraft:crafting_shaped",
  "category": "misc",
  "pattern": [
    "#",
    "|",
    "|"
  ],
  "key": {
    "#": {
      "item": "minecraft:wither_skeleton_skull"
    },
    "|": {
      "item": "minecraft:copper_ingot"
    }
  },
  "result": {
    "id": "minecraft:trial_key"
  }
}
},
"trial_spawner_recipe":{
  "type": "origins:recipe",
  "recipe": {
  "id": "melody:trial_spawner_recipe",
  "type": "minecraft:crafting_shaped",
  "category": "misc",
  "pattern": [
    "iti",
    "bob",
    "isi"
  ],
  "key": {
    "i": {
      "item": "minecraft:iron_ingot"
    },
    "t": {
      "item": "minecraft:iron_trapdoor"
    },
    "b": {
      "item": "minecraft:copper_bulb"
    },
    "o": {
      "item": "minecraft:spawner"
    },
    "s": {
      "item": "minecraft:sculk_sensor"
    }
  },
  "result": {
    "id": "minecraft:trial_spawner"
  }
}
},
"trindent_recipe":{
  "type": "origins:recipe",
  "recipe": {
  "id": "melody:trindent_recipe",
  "type": "minecraft:crafting_shaped",
  "category": "equipment",
  "pattern": [
    " ii",
    "chi",
    "pc "
  ],
  "key": {
    "i": {
      "item": "minecraft:iron_ingot"
    },
    "c": {
      "item": "minecraft:prismarine_crystals"
    },
    "h": {
      "item": "minecraft:heart_of_the_sea"
    },
    "p": {
      "item": "minecraft:prismarine_shard"
    }
  },
  "result": {
    "id": "minecraft:trident"
  }
}
},
"vault_recipe":{
  "type": "origins:recipe",
  "recipe": {
  "id": "melody:vault_recipe",
  "type": "minecraft:crafting_shaped",
  "category": "misc",
  "pattern": [
    "t-t",
    "|d|",
    "bsb"
  ],
  "key": {
    "t": {
      "item": "minecraft:polished_tuff_slab"
    },
    "-": {
      "item": "minecraft:iron_trapdoor"
    },
    "|": {
      "item": "minecraft:iron_bars"
    },
    "b": {
      "item": "minecraft:copper_bulb"
    },
    "d": {
      "item": "minecraft:dispenser"
    },
    "s": {
      "item": "minecraft:sculk_sensor"
    }
  },
  "result": {
    "id": "minecraft:vault"
  }
}
},

	"delete_creator": {
		"type": "origins:action_over_time",
		"interval": 20,
		"entity_action": {
			"type": "origins:if_else",
			"condition": {
				"type": "origins:resource",
				"resource": "melody:creator_active",
				"comparison": "==",
				"compare_to": 176
			},
			"if_action": {
				"type": "origins:and",
				"actions": [
					{
						"type": "origins:execute_command",
						"command": "power remove @s melody:creator_powers",
						"permission_level": 4
					},
					{
						"type": "origins:execute_command",
						"command": "power remove @s melody:creator_active",
						"permission_level": 4
					},
					{
						"type": "origins:give",
						"stack": {
							"id": "minecraft:music_disc_creator",
							"count": 1
						}
					},
					{
						"type": "origins:execute_command",
						"command": "resource set @s melody:disc_cooldown 0",
						"permission_level": 4
					}
				]
			},
			"else_action": {
				"type": "origins:change_resource",
				"resource": "melody:creator_active",
				"change": 1
			}
		}
	}
}