{
	"type": "origins:multiple",
    "movement_cooldown": {
        "type": "origins:cooldown",
        "cooldown": 20,
        "hud_render": {
            "should_render": false
        }
    },
    "trigger_movement_cooldown": {
        "type": "origins:action_over_time",
        "interval": 1,
        "entity_action": {
            "type": "origins:trigger_cooldown",
            "power": "melody:creator_music_box_powers_movement_cooldown"
        },
        "condition": {
            "type": "origins:moving"
        }
    },
    "rotate": {
        "type": "origins:action_over_time",
        "interval": 1,
        "entity_action": {
            "type": "origins:execute_command",
            "command": "tp @s ~ ~ ~ ~-1 0",
            "permission_level": 4
        },
        "condition": {
            "type": "origins:and",
            "conditions": [
                {
                    "type": "origins:resource",
			        "resource": "melody:creator_music_box_active",
			        "comparison": ">=",
			        "compare_to": 2
                },
                {
                    "type": "origins:resource",
                    "resource": "melody:creator_music_box_powers_movement_cooldown",
                    "comparison": "==",
                    "compare_to": 0
                }
            ]
            
        }
    },
    "immobility": {
        "type": "origins:modify_velocity",
        "modifier": {
          "amount": 0,
          "operation": "set_total"
        },
        "axes": [
          "x",
          "z"
        ],
        "condition": {
            "type": "origins:resource",
			"resource": "melody:creator_music_box_active",
			"comparison": "<=",
			"compare_to": 2
        }
    },
  "no_jumping": {
		"type": "origins:modify_jump",
		"modifier": {
			"operation": "set_total",
			"amount": 0
		},
		"condition": {
			"type": "origins:resource",
			"resource": "melody:creator_music_box_active",
			"comparison": "<=",
			"compare_to": 2
		}
	},
	"no_food": {
		"type": "origins:prevent_item_use",
		"item_condition": {
			"type": "origins:food"
		}
	},
  "no_exhaustion": {
    "type": "origins:modify_exhaustion",
		"modifier": {
			"operation": "multiply_total_additive",
			"amount": -1.0
		}
  },
    "small_width": {
		"type": "origins:modify_attribute",
		"attribute": "additionalentityattributes:generic.model_width",
		"modifier": {
			"operation": "set_total",
			"amount": 0.5
		}
	},
    "small_height": {
		"type": "origins:modify_attribute",
		"attribute": "additionalentityattributes:generic.height",
		"modifier": {
			"operation": "set_total",
			"amount": 0.5
		}
	},
  "weak": {
    "type": "origins:modify_damage_taken",
    "modifier": {
      "operation": "multiply_base_additive",
			"amount": 2.0
    }
  },
  "no_harm": {
    "type": "origins:modify_damage_dealt",
    "modifier": {
			"operation": "multiply_total_multiplicative",
			"amount": -1
		}
  },
	"allay_spawn_egg_recipe":{
  "type": "origins:recipe",
  "recipe": {
  "id": "melody:allay_spawn_egg_recipe",
  "type": "minecraft:crafting_shapeless",
  "category": "misc",
  "ingredients": [
    {
      "item": "minecraft:egg"
    },
    {
      "item": "minecraft:amethyst_shard"
    },
    {
      "item": "minecraft:dragon_breath"
    }
  ],
  "result": {
    "id": "minecraft:allay_spawn_egg"
  }
}
},
"armadillo_spawn_egg_recipe":{
  "type": "origins:recipe",
  "recipe": {
  "id": "melody:armadillo_spawn_egg_recipe",
  "type": "minecraft:crafting_shapeless",
  "category": "misc",
  "ingredients": [
    {
      "item": "minecraft:egg"
    },
    {
      "item": "minecraft:armadillo_scute"
    },
    {
      "item": "minecraft:dragon_breath"
    }
  ],
  "result": {
    "id": "minecraft:armadillo_spawn_egg"
  }
}
},
"axolotl_spawn_egg_recipe":{
  "type": "origins:recipe",
  "recipe": {
  "id": "melody:axolotl_spawn_egg_recipe",
  "type": "minecraft:crafting_shapeless",
  "category": "misc",
  "ingredients": [
    {
      "item": "minecraft:egg"
    },
    {
      "item": "minecraft:spore_blossom"
    },
    {
      "item": "minecraft:dragon_breath"
    }
  ],
  "result": {
    "id": "minecraft:axolotl_spawn_egg"
  }
}
},
"bat_spawn_egg_recipe":{
  "type": "origins:recipe",
  "recipe": {
  "id": "melody:bat_spawn_egg_recipe",
  "type": "minecraft:crafting_shapeless",
  "ingredients": [
    {
      "item": "minecraft:egg"
    },
    {
      "item": "minecraft:sculk_vein"
    },
    {
      "item": "minecraft:dragon_breath"
    }
  ],
  "result": {
    "id": "minecraft:bat_spawn_egg"
  }
}
},
"bee_spawn_egg_recipe":{
  "type": "origins:recipe",
  "recipe": {
  "id": "melody:bee_spawn_egg_recipe",
  "type": "minecraft:crafting_shapeless",
  "ingredients": [
    {
      "item": "minecraft:egg"
    },
    {
      "item": "minecraft:honeycomb"
    },
    {
      "item": "minecraft:dragon_breath"
    }
  ],
  "result": {
    "id": "minecraft:bee_spawn_egg"
  }
}
},
"blaze_spawn_egg_recipe":{
  "type": "origins:recipe",
  "recipe": {
  "id": "melody:blaze_spawn_egg_recipe",
  "type": "minecraft:crafting_shapeless",
  "ingredients": [
    {
      "item": "minecraft:egg"
    },
    {
      "item": "minecraft:blaze_powder"
    },
    {
      "item": "minecraft:dragon_breath"
    }
  ],
  "result": {
    "id": "minecraft:blaze_spawn_egg"
  }
}
},
"bogged_spawn_egg_recipe":{
  "type": "origins:recipe",
  "recipe": {
  "id": "melody:bogged_spawn_egg_recipe",
  "type": "minecraft:crafting_shapeless",
  "ingredients": [
    {
      "item": "minecraft:egg"
    },
    {
      "item": "minecraft:bone"
    },
    {
      "item": "minecraft:dragon_breath"
    },
    {
      "item": "minecraft:red_mushroom"
    },
    {
      "item": "minecraft:brown_mushroom"
    }
  ],
  "result": {
    "id": "minecraft:bogged_spawn_egg"
  }
}
},
"breeze_spawn_egg_recipe":{
  "type": "origins:recipe",
  "recipe": {
  "id": "melody:breeze_spawn_egg_recipe",
  "type": "minecraft:crafting_shapeless",
  "ingredients": [
    {
      "item": "minecraft:egg"
    },
    {
      "item": "minecraft:wind_charge"
    },
    {
      "item": "minecraft:dragon_breath"
    }
  ],
  "result": {
    "id": "minecraft:breeze_spawn_egg"
  }
}
},
"camel_spawn_egg_recipe":{
  "type": "origins:recipe",
  "recipe": {
  "id": "melody:camel_spawn_egg_recipe",
  "type": "minecraft:crafting_shapeless",
  "ingredients": [
    {
      "item": "minecraft:egg"
    },
    {
      "item": "minecraft:cactus"
    },
    {
      "item": "minecraft:dragon_breath"
    }
  ],
  "result": {
    "id": "minecraft:camel_spawn_egg"
  }
}
},
"cat_spawn_egg_recipe":{
  "type": "origins:recipe",
  "recipe": {
  "id": "melody:cat_spawn_egg_recipe",
  "type": "minecraft:crafting_shapeless",
  "ingredients": [
    {
      "item": "minecraft:egg"
    },
    {
      "item": "minecraft:string"
    },
    {
      "item": "minecraft:dragon_breath"
    }
  ],
  "result": {
    "id": "minecraft:cat_spawn_egg"
  }
}
},
"cave_spider_spawn_egg_recipe":{
  "type": "origins:recipe",
  "recipe": {
  "id": "melody:cave_spider_spawn_egg_recipe",
  "type": "minecraft:crafting_shapeless",
  "ingredients": [
    {
      "item": "minecraft:egg"
    },
    {
      "item": "minecraft:spider_eye"
    },
    {
      "item": "minecraft:dragon_breath"
    },
    {
      "item": "minecraft:spider_eye"
    }
  ],
  "result": {
    "id": "minecraft:cave_spider_spawn_egg"
  }
}
},
"chicken_spawn_egg_recipe":{
  "type": "origins:recipe",
  "recipe": {
  "id": "melody:chicken_spawn_egg_recipe",
  "type": "minecraft:crafting_shapeless",
  "ingredients": [
    {
      "item": "minecraft:egg"
    },
    {
      "item": "minecraft:chicken"
    },
    {
      "item": "minecraft:dragon_breath"
    }
  ],
  "result": {
    "id": "minecraft:chicken_spawn_egg"
  }
}
},
"cod_spawn_egg_recipe":{
  "type": "origins:recipe",
  "recipe": {
  "id": "melody:cod_spawn_egg_recipe",
  "type": "minecraft:crafting_shapeless",
  "ingredients": [
    {
      "item": "minecraft:egg"
    },
    {
      "item": "minecraft:cod"
    },
    {
      "item": "minecraft:dragon_breath"
    }
  ],
  "result": {
    "id": "minecraft:cod_spawn_egg"
  }
}
},
"cow_spawn_egg_recipe":{
  "type": "origins:recipe",
  "recipe": {
  "id": "melody:cow_spawn_egg_recipe",
  "type": "minecraft:crafting_shapeless",
  "ingredients": [
    {
      "item": "minecraft:egg"
    },
    {
      "item": "minecraft:beef"
    },
    {
      "item": "minecraft:dragon_breath"
    }
  ],
  "result": {
    "id": "minecraft:cow_spawn_egg"
  }
}
},
"creeper_spawn_egg_recipe":{
  "type": "origins:recipe",
  "recipe": {
  "id": "melody:creeper_spawn_egg_recipe",
  "type": "minecraft:crafting_shapeless",
  "ingredients": [
    {
      "item": "minecraft:egg"
    },
    {
      "item": "minecraft:gunpowder"
    },
    {
      "item": "minecraft:dragon_breath"
    }
  ],
  "result": {
    "id": "minecraft:creeper_spawn_egg"
  }
}
},
"dolphin_spawn_egg_recipe":{
  "type": "origins:recipe",
  "recipe": {
  "id": "melody:dolphin_spawn_egg_recipe",
  "type": "minecraft:crafting_shapeless",
  "ingredients": [
    {
      "item": "minecraft:egg"
    },
    {
      "item": "minecraft:heart_of_the_sea"
    },
    {
      "item": "minecraft:dragon_breath"
    }
  ],
  "result": {
    "id": "minecraft:dolphin_spawn_egg"
  }
}
},
"donkey_spawn_egg__recipe":{
  "type": "origins:recipe",
  "recipe": {
  "id": "melody:donkey_spawn_egg__recipe",
  "type": "minecraft:crafting_shapeless",
  "ingredients": [
    {
      "item": "minecraft:egg"
    },
    {
      "item": "minecraft:wheat"
    },
    {
      "item": "minecraft:dragon_breath"
    }
  ],
  "result": {
    "id": "minecraft:donkey_spawn_egg"
  }
}
},
"drowned_spawn_egg_recipe":{
  "type": "origins:recipe",
  "recipe": {
  "id": "melody:drowned_spawn_egg_recipe",
  "type": "minecraft:crafting_shapeless",
  "ingredients": [
    {
      "item": "minecraft:egg"
    },
    {
      "item": "minecraft:rotten_flesh"
    },
    {
      "item": "minecraft:dragon_breath"
    },
    {
      "item": "minecraft:kelp"
    }
  ],
  "result": {
    "id": "minecraft:drowned_spawn_egg"
  }
}
},
"elder_guardian_spawn_egg_recipe":{
  "type": "origins:recipe",
  "recipe": {
  "id": "melody:elder_guardian_spawn_egg_recipe",
  "type": "minecraft:crafting_shapeless",
  "ingredients": [
    {
      "item": "minecraft:egg"
    },
    {
      "item": "minecraft:wet_sponge"
    },
    {
      "item": "minecraft:dragon_breath"
    }
  ],
  "result": {
    "id": "minecraft:elder_guardian_spawn_egg"
  }
}
},
"enderman_spawn_egg_recipe":{
  "type": "origins:recipe",
  "recipe": {
  "id": "melody:enderman_spawn_egg_recipe",
  "type": "minecraft:crafting_shapeless",
  "ingredients": [
    {
      "item": "minecraft:egg"
    },
    {
      "item": "minecraft:ender_pearl"
    },
    {
      "item": "minecraft:dragon_breath"
    }
  ],
  "result": {
    "id": "minecraft:enderman_spawn_egg"
  }
}
},
"endermite_spawn_egg_recipe":{
  "type": "origins:recipe",
  "recipe": {
  "id": "melody:endermite_spawn_egg_recipe",
  "type": "minecraft:crafting_shapeless",
  "ingredients": [
    {
      "item": "minecraft:egg"
    },
    {
      "item": "minecraft:chorus_fruit"
    },
    {
      "item": "minecraft:dragon_breath"
    }
  ],
  "result": {
    "id": "minecraft:endermite_spawn_egg"
  }
}
},
"evoker_spawn_egg_recipe":{
  "type": "origins:recipe",
  "recipe": {
  "id": "melody:evoker_spawn_egg_recipe",
  "type": "minecraft:crafting_shapeless",
  "ingredients": [
    {
      "item": "minecraft:egg"
    },
    {
      "item": "minecraft:totem_of_undying"
    },
    {
      "item": "minecraft:dragon_breath"
    }
  ],
  "result": {
    "id": "minecraft:evoker_spawn_egg"
  }
}
},
"fox_spawn_egg_recipe":{
  "type": "origins:recipe",
  "recipe": {
  "id": "melody:fox_spawn_egg_recipe",
  "type": "minecraft:crafting_shapeless",
  "ingredients": [
    {
      "item": "minecraft:egg"
    },
    {
      "item": "minecraft:sweet_berries"
    },
    {
      "item": "minecraft:dragon_breath"
    }
  ],
  "result": {
    "id": "minecraft:fox_spawn_egg"
  }
}
},
"frog_spawn_egg_recipe":{
  "type": "origins:recipe",
  "recipe": {
  "id": "melody:frog_spawn_egg_recipe",
  "type": "minecraft:crafting_shapeless",
  "ingredients": [
    {
      "item": "minecraft:egg"
    },
    {
      "item": "minecraft:lily_pad"
    },
    {
      "item": "minecraft:dragon_breath"
    }
  ],
  "result": {
    "id": "minecraft:frog_spawn_egg"
  }
}
},
"ghast_spawn_egg_recipe":{
  "type": "origins:recipe",
  "recipe": {
  "id": "melody:ghast_spawn_egg_recipe",
  "type": "minecraft:crafting_shapeless",
  "ingredients": [
    {
      "item": "minecraft:egg"
    },
    {
      "item": "minecraft:ghast_tear"
    },
    {
      "item": "minecraft:dragon_breath"
    }
  ],
  "result": {
    "id": "minecraft:ghast_spawn_egg"
  }
}
},
"glow_squid_spawn_egg_recipe":{
  "type": "origins:recipe",
  "recipe": {
  "id": "melody:glow_squid_spawn_egg_recipe",
  "type": "minecraft:crafting_shapeless",
  "ingredients": [
    {
      "item": "minecraft:egg"
    },
    {
      "item": "minecraft:glow_ink_sac"
    },
    {
      "item": "minecraft:dragon_breath"
    }
  ],
  "result": {
    "id": "minecraft:glow_squid_spawn_egg"
  }
}
},
"goat_spawn_egg_recipe":{
  "type": "origins:recipe",
  "recipe": {
  "id": "melody:goat_spawn_egg_recipe",
  "type": "minecraft:crafting_shapeless",
  "ingredients": [
    {
      "item": "minecraft:egg"
    },
    {
      "item": "minecraft:goat_horn"
    },
    {
      "item": "minecraft:dragon_breath"
    }
  ],
  "result": {
    "id": "minecraft:goat_spawn_egg"
  }
}
},
"guardian_spawn_egg_recipe":{
  "type": "origins:recipe",
  "recipe": {
  "id": "melody:guardian_spawn_egg_recipe",
  "type": "minecraft:crafting_shapeless",
  "ingredients": [
    {
      "item": "minecraft:egg"
    },
    {
      "item": "minecraft:prismarine_shard"
    },
    {
      "item": "minecraft:dragon_breath"
    }
  ],
  "result": {
    "id": "minecraft:guardian_spawn_egg"
  }
}
},
"hoglin_spawn_egg_recipe":{
  "type": "origins:recipe",
  "recipe": {
  "id": "melody:hoglin_spawn_egg_recipe",
  "type": "minecraft:crafting_shapeless",
  "ingredients": [
    {
      "item": "minecraft:egg"
    },
    {
      "item": "minecraft:crimson_fungus"
    },
    {
      "item": "minecraft:dragon_breath"
    },
    {
      "item": "minecraft:porkchop"
    }
  ],
  "result": {
    "id": "minecraft:hoglin_spawn_egg"
  }
}
},
"horse_spawn_egg_recipe":{
  "type": "origins:recipe",
  "recipe": {
  "id": "melody:horse_spawn_egg_recipe",
  "type": "minecraft:crafting_shapeless",
  "ingredients": [
    {
      "item": "minecraft:egg"
    },
    {
      "item": "minecraft:hay_block"
    },
    {
      "item": "minecraft:dragon_breath"
    }
  ],
  "result": {
    "id": "minecraft:horse_spawn_egg"
  }
}
},
"husk_spawn_egg_recipe":{
  "type": "origins:recipe",
  "recipe": {
  "id": "melody:husk_spawn_egg_recipe",
  "type": "minecraft:crafting_shapeless",
  "ingredients": [
    {
      "item": "minecraft:egg"
    },
    {
      "item": "minecraft:rotten_flesh"
    },
    {
      "item": "minecraft:dragon_breath"
    },
    {
      "item": "minecraft:dead_bush"
    }
  ],
  "result": {
    "id": "minecraft:husk_spawn_egg"
  }
}
},
"iron_golem_spawn_egg_recipe":{
  "type": "origins:recipe",
  "recipe": {
  "id": "melody:iron_golem_spawn_egg_recipe",
  "type": "minecraft:crafting_shapeless",
  "ingredients": [
    {
      "item": "minecraft:egg"
    },
    {
      "item": "minecraft:iron_ingot"
    },
    {
      "item": "minecraft:dragon_breath"
    },
    {
      "item": "minecraft:poppy"
    }
  ],
  "result": {
    "id": "minecraft:iron_golem_spawn_egg"
  }
}
},
"llama_spawn_egg_recipe":{
  "type": "origins:recipe",
  "recipe": {
  "id": "melody:llama_spawn_egg_recipe",
  "type": "minecraft:crafting_shapeless",
  "ingredients": [
    {
      "item": "minecraft:egg"
    },
    {
      "item": "minecraft:white_wool"
    },
    {
      "item": "minecraft:dragon_breath"
    }
  ],
  "result": {
    "id": "minecraft:llama_spawn_egg"
  }
}
},
"magma_cube_spawn_egg_recipe":{
  "type": "origins:recipe",
  "recipe": {
  "id": "melody:magma_cube_spawn_egg_recipe",
  "type": "minecraft:crafting_shapeless",
  "ingredients": [
    {
      "item": "minecraft:egg"
    },
    {
      "item": "minecraft:magma_cream"
    },
    {
      "item": "minecraft:dragon_breath"
    }
  ],
  "result": {
    "id": "minecraft:magma_cube_spawn_egg"
  }
}
},
"mooshroom_spawn_egg_recipe":{
  "type": "origins:recipe",
  "recipe": {
  "id": "melody:mooshroom_spawn_egg_recipe",
  "type": "minecraft:crafting_shapeless",
  "ingredients": [
    {
      "item": "minecraft:egg"
    },
    {
      "item": "minecraft:beef"
    },
    {
      "item": "minecraft:dragon_breath"
    },
    {
      "item": "minecraft:red_mushroom"
    }
  ],
  "result": {
    "id": "minecraft:mooshroom_spawn_egg"
  }
}
},
"mule_spawn_egg_recipe":{
  "type": "origins:recipe",
  "recipe": {
  "id": "melody:mule_spawn_egg_recipe",
  "type": "minecraft:crafting_shapeless",
  "ingredients": [
    {
      "item": "minecraft:egg"
    },
    {
      "item": "minecraft:wheat"
    },
    {
      "item": "minecraft:dragon_breath"
    },
    {
      "item": "minecraft:wheat"
    }
  ],
  "result": {
    "id": "minecraft:mule_spawn_egg"
  }
}
},
"ocelot_spawn_egg_recipe":{
  "type": "origins:recipe",
  "recipe": {
  "id": "melody:ocelot_spawn_egg_recipe",
  "type": "minecraft:crafting_shapeless",
  "ingredients": [
    {
      "item": "minecraft:egg"
    },
    {
      "item": "minecraft:string"
    },
    {
      "item": "minecraft:dragon_breath"
    },
    {
      "item": "minecraft:fern"
    }
  ],
  "result": {
    "id": "minecraft:ocelot_spawn_egg"
  }
}
},
"panda_spawn_egg_recipe":{
  "type": "origins:recipe",
  "recipe": {
  "id": "melody:panda_spawn_egg_recipe",
  "type": "minecraft:crafting_shapeless",
  "ingredients": [
    {
      "item": "minecraft:egg"
    },
    {
      "item": "minecraft:bamboo"
    },
    {
      "item": "minecraft:dragon_breath"
    }
  ],
  "result": {
    "id": "minecraft:panda_spawn_egg"
  }
}
},
"parrot_spawn_egg_recipe":{
  "type": "origins:recipe",
  "recipe": {
  "id": "melody:parrot_spawn_egg_recipe",
  "type": "minecraft:crafting_shapeless",
  "ingredients": [
    {
      "item": "minecraft:egg"
    },
    {
      "item": "minecraft:feather"
    },
    {
      "item": "minecraft:dragon_breath"
    }
  ],
  "result": {
    "id": "minecraft:parrot_spawn_egg"
  }
}
},
"phantom_spawn_egg_recipe":{
  "type": "origins:recipe",
  "recipe": {
  "id": "melody:phantom_spawn_egg_recipe",
  "type": "minecraft:crafting_shapeless",
  "ingredients": [
    {
      "item": "minecraft:egg"
    },
    {
      "item": "minecraft:phantom_membrane"
    },
    {
      "item": "minecraft:dragon_breath"
    }
  ],
  "result": {
    "id": "minecraft:phantom_spawn_egg"
  }
}
},
"piglin_brute_spawn_egg_recipe":{
  "type": "origins:recipe",
  "recipe": {
  "id": "melody:piglin_brute_spawn_egg_recipe",
  "type": "minecraft:crafting_shapeless",
  "ingredients": [
    {
      "item": "minecraft:egg"
    },
    {
      "item": "minecraft:gold_ingot"
    },
    {
      "item": "minecraft:dragon_breath"
    }
  ],
  "result": {
    "id": "minecraft:piglin_brute_spawn_egg"
  }
}
},
"piglin_spawn_egg_recipe":{
  "type": "origins:recipe",
  "recipe": {
  "id": "melody:piglin_spawn_egg_recipe",
  "type": "minecraft:crafting_shapeless",
  "ingredients": [
    {
      "item": "minecraft:egg"
    },
    {
      "item": "minecraft:gold_nugget"
    },
    {
      "item": "minecraft:dragon_breath"
    }
  ],
  "result": {
    "id": "minecraft:piglin_spawn_egg"
  }
}
},
"pig_spawn_egg_recipe":{
  "type": "origins:recipe",
  "recipe": {
  "id": "melody:pig_spawn_egg_recipe",
  "type": "minecraft:crafting_shapeless",
  "ingredients": [
    {
      "item": "minecraft:egg"
    },
    {
      "item": "minecraft:porkchop"
    },
    {
      "item": "minecraft:dragon_breath"
    }
  ],
  "result": {
    "id": "minecraft:pig_spawn_egg"
  }
}
},
"pillager_spawn_egg_recipe":{
  "type": "origins:recipe",
  "recipe": {
  "id": "melody:pillager_spawn_egg_recipe",
  "type": "minecraft:crafting_shapeless",
  "ingredients": [
    {
      "item": "minecraft:egg"
    },
    {
      "item": "minecraft:ominous_bottle"
    },
    {
      "item": "minecraft:dragon_breath"
    }
  ],
  "result": {
    "id": "minecraft:pillager_spawn_egg"
  }
}
},
"polar_bear_spawn_egg_recipe":{
  "type": "origins:recipe",
  "recipe": {
  "id": "melody:polar_bear_spawn_egg_recipe",
  "type": "minecraft:crafting_shapeless",
  "ingredients": [
    {
      "item": "minecraft:egg"
    },
    {
      "item": "minecraft:salmon"
    },
    {
      "item": "minecraft:dragon_breath"
    },
    {
      "item": "minecraft:snowball"
    }
  ],
  "result": {
    "id": "minecraft:polar_bear_spawn_egg"
  }
}
},
"pufferfish_spawn_egg_recipe":{
  "type": "origins:recipe",
  "recipe": {
  "id": "melody:pufferfish_spawn_egg_recipe",
  "type": "minecraft:crafting_shapeless",
  "ingredients": [
    {
      "item": "minecraft:egg"
    },
    {
      "item": "minecraft:pufferfish"
    },
    {
      "item": "minecraft:dragon_breath"
    }
  ],
  "result": {
    "id": "minecraft:pufferfish_spawn_egg"
  }
}
},
"rabbit_spawn_egg_recipe":{
  "type": "origins:recipe",
  "recipe": {
  "id": "melody:rabbit_spawn_egg_recipe",
  "type": "minecraft:crafting_shapeless",
  "ingredients": [
    {
      "item": "minecraft:egg"
    },
    {
      "item": "minecraft:rabbit_hide"
    },
    {
      "item": "minecraft:dragon_breath"
    }
  ],
  "result": {
    "id": "minecraft:rabbit_spawn_egg"
  }
}
},
"ravager_spawn_egg_recipe":{
  "type": "origins:recipe",
  "recipe": {
  "id": "melody:ravager_spawn_egg_recipe",
  "type": "minecraft:crafting_shapeless",
  "ingredients": [
    {
      "item": "minecraft:egg"
    },
    {
      "item": "minecraft:ominous_bottle"
    },
    {
      "item": "minecraft:dragon_breath"
    },
    {
      "item": "minecraft:leather"
    }
  ],
  "result": {
    "id": "minecraft:ravager_spawn_egg"
  }
}
},
"salmon_spawn_egg_recipe":{
  "type": "origins:recipe",
  "recipe": {
  "id": "melody:salmon_spawn_egg_recipe",
  "type": "minecraft:crafting_shapeless",
  "ingredients": [
    {
      "item": "minecraft:egg"
    },
    {
      "item": "minecraft:salmon"
    },
    {
      "item": "minecraft:dragon_breath"
    }
  ],
  "result": {
    "id": "minecraft:salmon_spawn_egg"
  }
}
},
"sheep_spawn_egg_recipe":{
  "type": "origins:recipe",
  "recipe": {
  "id": "melody:sheep_spawn_egg_recipe",
  "type": "minecraft:crafting_shapeless",
  "ingredients": [
    {
      "item": "minecraft:egg"
    },
    {
      "item": "minecraft:mutton"
    },
    {
      "item": "minecraft:dragon_breath"
    }
  ],
  "result": {
    "id": "minecraft:sheep_spawn_egg"
  }
}
},
"shulker_spawn_egg_recipe":{
  "type": "origins:recipe",
  "recipe": {
  "id": "melody:shulker_spawn_egg_recipe",
  "type": "minecraft:crafting_shapeless",
  "ingredients": [
    {
      "item": "minecraft:egg"
    },
    {
      "item": "minecraft:shulker_shell"
    },
    {
      "item": "minecraft:dragon_breath"
    }
  ],
  "result": {
    "id": "minecraft:shulker_spawn_egg"
  }
}
},
"silverfish_spawn_egg_recipe":{
  "type": "origins:recipe",
  "recipe": {
  "id": "melody:silverfish_spawn_egg_recipe",
  "type": "minecraft:crafting_shapeless",
  "ingredients": [
    {
      "item": "minecraft:egg"
    },
    {
      "item": "minecraft:sugar"
    },
    {
      "item": "minecraft:dragon_breath"
    }
  ],
  "result": {
    "id": "minecraft:silverfish_spawn_egg"
  }
}
},
"skeleton_horse_spawn_egg_recipe":{
  "type": "origins:recipe",
  "recipe": {
  "id": "melody:skeleton_horse_spawn_egg_recipe",
  "type": "minecraft:crafting_shapeless",
  "ingredients": [
    {
      "item": "minecraft:egg"
    },
    {
      "item": "minecraft:bone"
    },
    {
      "item": "minecraft:dragon_breath"
    },
    {
      "item": "minecraft:hay_block"
    }
  ],
  "result": {
    "id": "minecraft:skeleton_horse_spawn_egg"
  }
}
},
"skeleton_spawn_egg_recipe":{
  "type": "origins:recipe",
  "recipe": {
  "id": "melody:skeleton_spawn_egg_recipe",
  "type": "minecraft:crafting_shapeless",
  "ingredients": [
    {
      "item": "minecraft:egg"
    },
    {
      "item": "minecraft:bone"
    },
    {
      "item": "minecraft:dragon_breath"
    }
  ],
  "result": {
    "id": "minecraft:skeleton_spawn_egg"
  }
}
},
"slime_spawn_egg_recipe":{
  "type": "origins:recipe",
  "recipe": {
  "id": "melody:slime_spawn_egg_recipe",
  "type": "minecraft:crafting_shapeless",
  "ingredients": [
    {
      "item": "minecraft:egg"
    },
    {
      "item": "minecraft:slime_ball"
    },
    {
      "item": "minecraft:dragon_breath"
    }
  ],
  "result": {
    "id": "minecraft:slime_spawn_egg"
  }
}
},
"sniffer_spawn_egg_recipe":{
  "type": "origins:recipe",
  "recipe": {
  "id": "melody:sniffer_spawn_egg_recipe",
  "type": "minecraft:crafting_shapeless",
  "ingredients": [
    {
      "item": "minecraft:egg"
    },
    {
      "item": "minecraft:torchflower_seeds"
    },
    {
      "item": "minecraft:dragon_breath"
    }
  ],
  "result": {
    "id": "minecraft:sniffer_spawn_egg"
  }
}
},
"snow_golem_spawn_egg_recipe":{
  "type": "origins:recipe",
  "recipe": {
  "id": "melody:snow_golem_spawn_egg_recipe",
  "type": "minecraft:crafting_shapeless",
  "ingredients": [
    {
      "item": "minecraft:egg"
    },
    {
      "item": "minecraft:snowball"
    },
    {
      "item": "minecraft:dragon_breath"
    },
    {
      "item": "minecraft:pumpkin_seeds"
    }
  ],
  "result": {
    "id": "minecraft:snow_golem_spawn_egg"
  }
}
},
"spider_spawn_egg_recipe":{
  "type": "origins:recipe",
  "recipe": {
  "id": "melody:spider_spawn_egg_recipe",
  "type": "minecraft:crafting_shapeless",
  "ingredients": [
    {
      "item": "minecraft:egg"
    },
    {
      "item": "minecraft:spider_eye"
    },
    {
      "item": "minecraft:dragon_breath"
    }
  ],
  "result": {
    "id": "minecraft:spider_spawn_egg"
  }
}
},
"squid_spawn_egg_recipe":{
  "type": "origins:recipe",
  "recipe": {
  "id": "melody:squid_spawn_egg_recipe",
  "type": "minecraft:crafting_shapeless",
  "ingredients": [
    {
      "item": "minecraft:egg"
    },
    {
      "item": "minecraft:ink_sac"
    },
    {
      "item": "minecraft:dragon_breath"
    }
  ],
  "result": {
    "id": "minecraft:squid_spawn_egg"
  }
}
},
"stray_spawn_egg_recipe":{
  "type": "origins:recipe",
  "recipe": {
  "id": "melody:stray_spawn_egg_recipe",
  "type": "minecraft:crafting_shapeless",
  "ingredients": [
    {
      "item": "minecraft:egg"
    },
    {
      "item": "minecraft:bone"
    },
    {
      "item": "minecraft:dragon_breath"
    },
    {
      "item": "minecraft:snowball"
    }
  ],
  "result": {
    "id": "minecraft:stray_spawn_egg"
  }
}
},
"strider_spawn_egg_recipe":{
  "type": "origins:recipe",
  "recipe": {
  "id": "melody:strider_spawn_egg_recipe",
  "type": "minecraft:crafting_shapeless",
  "ingredients": [
    {
      "item": "minecraft:egg"
    },
    {
      "item": "minecraft:string"
    },
    {
      "item": "minecraft:dragon_breath"
    },
    {
      "item": "minecraft:warped_fungus"
    }
  ],
  "result": {
    "id": "minecraft:strider_spawn_egg"
  }
}
},
"tadpole_spawn_egg_recipe":{
  "type": "origins:recipe",
  "recipe": {
  "id": "melody:tadpole_spawn_egg_recipe",
  "type": "minecraft:crafting_shapeless",
  "ingredients": [
    {
      "item": "minecraft:egg"
    },
    {
      "item": "minecraft:tadpole_bucket"
    },
    {
      "item": "minecraft:dragon_breath"
    }
  ],
  "result": {
    "id": "minecraft:tadpole_spawn_egg"
  }
}
},
"trader_llama_spawn_egg_recipe":{
  "type": "origins:recipe",
  "recipe": {
  "id": "melody:trader_llama_spawn_egg_recipe",
  "type": "minecraft:crafting_shapeless",
  "ingredients": [
    {
      "item": "minecraft:egg"
    },
    {
      "item": "minecraft:white_wool"
    },
    {
      "item": "minecraft:dragon_breath"
    },
    {
      "item": "minecraft:lead"
    }
  ],
  "result": {
    "id": "minecraft:trader_llama_spawn_egg"
  }
}
},
"tropical_fish_spawn_egg_recipe":{
  "type": "origins:recipe",
  "recipe": {
  "id": "melody:tropical_fish_spawn_egg_recipe",
  "type": "minecraft:crafting_shapeless",
  "ingredients": [
    {
      "item": "minecraft:egg"
    },
    {
      "item": "minecraft:tropical_fish"
    },
    {
      "item": "minecraft:dragon_breath"
    }
  ],
  "result": {
    "id": "minecraft:tropical_fish_spawn_egg"
  }
}
},
"turtle_spawn_egg_recipe":{
  "type": "origins:recipe",
  "recipe": {
  "id": "melody:turtle_spawn_egg_recipe",
  "type": "minecraft:crafting_shapeless",
  "ingredients": [
    {
      "item": "minecraft:egg"
    },
    {
      "item": "minecraft:turtle_scute"
    },
    {
      "item": "minecraft:dragon_breath"
    }
  ],
  "result": {
    "id": "minecraft:turtle_spawn_egg"
  }
}
},
"vex_spawn_egg_recipe":{
  "type": "origins:recipe",
  "recipe": {
  "id": "melody:vex_spawn_egg_recipe",
  "type": "minecraft:crafting_shapeless",
  "ingredients": [
    {
      "item": "minecraft:egg"
    },
    {
      "item": "minecraft:echo_shard"
    },
    {
      "item": "minecraft:dragon_breath"
    }
  ],
  "result": {
    "id": "minecraft:vex_spawn_egg"
  }
}
},
"villager_spawn_egg_recipe":{
  "type": "origins:recipe",
  "recipe": {
  "id": "melody:villager_spawn_egg_recipe",
  "type": "minecraft:crafting_shapeless",
  "ingredients": [
    {
      "item": "minecraft:egg"
    },
    {
      "item": "minecraft:emerald"
    },
    {
      "item": "minecraft:dragon_breath"
    }
  ],
  "result": {
    "id": "minecraft:villager_spawn_egg"
  }
}
},
"vindicator_spawn_egg_recipe":{
  "type": "origins:recipe",
  "recipe": {
  "id": "melody:vindicator_spawn_egg_recipe",
  "type": "minecraft:crafting_shapeless",
  "ingredients": [
    {
      "item": "minecraft:egg"
    },
    {
      "item": "minecraft:emerald"
    },
    {
      "item": "minecraft:dragon_breath"
    },
    {
      "item": "minecraft:iron_nugget"
    }
  ],
  "result": {
    "id": "minecraft:vindicator_spawn_egg"
  }
}
},
"wandering_trader_spawn_egg_recipe":{
  "type": "origins:recipe",
  "recipe": {
  "id": "melody:wandering_trader_spawn_egg_recipe",
  "type": "minecraft:crafting_shapeless",
  "ingredients": [
    {
      "item": "minecraft:egg"
    },
    {
      "item": "minecraft:emerald"
    },
    {
      "item": "minecraft:dragon_breath"
    },
    {
      "item": "minecraft:emerald"
    }
  ],
  "result": {
    "id": "minecraft:wandering_trader_spawn_egg"
  }
}
},
"warden_spawn_egg_recipe":{
  "type": "origins:recipe",
  "recipe": {
  "id": "melody:warden_spawn_egg_recipe",
  "type": "minecraft:crafting_shapeless",
  "ingredients": [
    {
      "item": "minecraft:egg"
    },
    {
      "item": "minecraft:sculk_catalyst"
    },
    {
      "item": "minecraft:dragon_breath"
    }
  ],
  "result": {
    "id": "minecraft:warden_spawn_egg"
  }
}
},
"witch_spawn_egg_recipe":{
  "type": "origins:recipe",
  "recipe": {
  "id": "melody:witch_spawn_egg_recipe",
  "type": "minecraft:crafting_shapeless",
  "ingredients": [
    {
      "item": "minecraft:egg"
    },
    {
      "item": "minecraft:sugar"
    },
    {
      "item": "minecraft:dragon_breath"
    },
    {
      "item": "minecraft:redstone"
    }
  ],
  "result": {
    "id": "minecraft:witch_spawn_egg"
  }
}
},
"wither_skeleton_spawn_egg_recipe":{
  "type": "origins:recipe",
  "recipe": {
  "id": "melody:wither_skeleton_spawn_egg_recipe",
  "type": "minecraft:crafting_shapeless",
  "ingredients": [
    {
      "item": "minecraft:egg"
    },
    {
      "item": "minecraft:bone"
    },
    {
      "item": "minecraft:dragon_breath"
    },
    {
      "item": "minecraft:coal"
    }
  ],
  "result": {
    "id": "minecraft:wither_skeleton_spawn_egg"
  }
}
},
"wolf_spawn_egg_recipe":{
  "type": "origins:recipe",
  "recipe": {
  "id": "melody:wolf_spawn_egg_recipe",
  "type": "minecraft:crafting_shapeless",
  "ingredients": [
    {
      "item": "minecraft:egg"
    },
    {
      "item": "minecraft:bone"
    },
    {
      "item": "minecraft:dragon_breath"
    },
    {
      "item": "minecraft:cooked_beef"
    }
  ],
  "result": {
    "id": "minecraft:wolf_spawn_egg"
  }
}
},
"zoglin_spawn_egg_recipe":{
  "type": "origins:recipe",
  "recipe": {
  "id": "melody:zoglin_spawn_egg_recipe",
  "type": "minecraft:crafting_shapeless",
  "ingredients": [
    {
      "item": "minecraft:egg"
    },
    {
      "item": "minecraft:crimson_fungus"
    },
    {
      "item": "minecraft:dragon_breath"
    },
    {
      "item": "minecraft:rotten_flesh"
    }
  ],
  "result": {
    "id": "minecraft:zoglin_spawn_egg"
  }
}
},
"zombie_horse_spawn_egg_recipe":{
  "type": "origins:recipe",
  "recipe": {
  "id": "melody:zombie_horse_spawn_egg_recipe",
  "type": "minecraft:crafting_shapeless",
  "ingredients": [
    {
      "item": "minecraft:egg"
    },
    {
      "item": "minecraft:rotten_flesh"
    },
    {
      "item": "minecraft:dragon_breath"
    },
    {
      "item": "minecraft:hay_block"
    }
  ],
  "result": {
    "id": "minecraft:zombie_horse_spawn_egg"
  }
}
},
"zombie_spawn_egg_recipe":{
  "type": "origins:recipe",
  "recipe": {
  "id": "melody:zombie_spawn_egg_recipe",
  "type": "minecraft:crafting_shapeless",
  "ingredients": [
    {
      "item": "minecraft:egg"
    },
    {
      "item": "minecraft:rotten_flesh"
    },
    {
      "item": "minecraft:dragon_breath"
    }
  ],
  "result": {
    "id": "minecraft:zombie_spawn_egg"
  }
}
},
"zombie_villager_spawn_egg_recipe":{
  "type": "origins:recipe",
  "recipe": {
  "id": "melody:zombie_villager_spawn_egg_recipe",
  "type": "minecraft:crafting_shapeless",
  "ingredients": [
    {
      "item": "minecraft:egg"
    },
    {
      "item": "minecraft:rotten_flesh"
    },
    {
      "item": "minecraft:dragon_breath"
    },
    {
      "item": "minecraft:emerald"
    }
  ],
  "result": {
    "id": "minecraft:zombie_villager_spawn_egg"
  }
}
},
"zombified_piglin_spawn_egg_recipe":{
  "type": "origins:recipe",
  "recipe": {
  "id": "melody:zombified_piglin_spawn_egg_recipe",
  "type": "minecraft:crafting_shapeless",
  "ingredients": [
    {
      "item": "minecraft:egg"
    },
    {
      "item": "minecraft:rotten_flesh"
    },
    {
      "item": "minecraft:dragon_breath"
    },
    {
      "item": "minecraft:gold_nugget"
    }
  ],
  "result": {
    "id": "minecraft:zombified_piglin_spawn_egg"
  }
}
},
	"delete_creator_music_box": {
		"type": "origins:action_over_time",
		"interval": 20,
		"entity_action": {
			"type": "origins:if_else",
			"condition": {
				"type": "origins:resource",
				"resource": "melody:creator_music_box_active",
				"comparison": "==",
				"compare_to": 73
			},
			"if_action": {
				"type": "origins:and",
				"actions": [
					{
						"type": "origins:execute_command",
						"command": "power remove @s melody:creator_music_box_powers",
						"permission_level": 4
					},
					{
						"type": "origins:execute_command",
						"command": "power remove @s melody:creator_music_box_active",
						"permission_level": 4
					},
					{
						"type": "origins:give",
						"stack": {
							"id": "minecraft:music_disc_creator_music_box",
							"count": 1
						}
					},
					{
						"type": "origins:execute_command",
						"command": "resource set @s melody:disc_cooldown 0",
						"permission_level": 4
					}
				]
			},
			"else_action": {
				"type": "origins:change_resource",
				"resource": "melody:creator_music_box_active",
				"change": 1
			}
		}
	}
}