{
	"type": "origins:multiple",
	"sonic_speed": {
		"type": "origins:conditioned_attribute",
		"modifier": {
			"id": "melody_far_sonic_speed",
			"attribute": "minecraft:generic.movement_speed",
			"operation": "add_multiplied_base",
			"amount": 4
		},
		"tick_rate": 10,
		"condition": {
			"type": "origins:sprinting"
		}
	},
	"one_block_step": {
		"type": "origins:modify_attribute",
		"attribute": "minecraft:generic.step_height",
		"modifier": {
			"operation": "multiply_base_additive",
			"amount": 2
		},
		"condition": {
			"type": "origins:and",
			"conditions": [
				{
					"type": "origins:sprinting"
				},
				{
					"type": "origins:submerged_in",
					"fluid": "minecraft:water",
					"inverted": true
				}
			]
		}
	},
	"dash_cooldown": {
		"type": "origins:cooldown",
		"cooldown": 10,
		"hud_render": {
			"should_render": false
		}
	},
	"dash_activate": {
		"type": "origins:active_self",
		"entity_action": {
			"type": "origins:trigger_cooldown",
			"power": "melody:far_powers_dash_cooldown"
		},
		"cooldown": 10,
		"hud_render": {
			"should_render": false
		},
		"key": {
			"key": "key.origins.secondary_active"
		},
		"condition": {
			"type": "origins:and",
			"conditions": [
				{
					"type": "origins:resource",
					"resource": "melody:far_powers_dash_forward",
					"comparison": "==",
					"compare_to": 0
				},
				{
					"type": "origins:resource",
					"resource": "melody:far_powers_dash_backward",
					"comparison": "==",
					"compare_to": 0
				}
			]
		}
	},
	"dash_forward": {
		"type": "origins:active_self",
		"entity_action": {
			"type": "origins:add_velocity",
			"z": 2,
			"space": "local"
		},
		"cooldown": 40,
		"hud_render": {
			"should_render": true,
			"sprite_location": "origins:textures/gui/resource_bar.png",
			"bar_index": 2
		},
		"key": {
			"key": "key.forward"
		},
		"condition": {
			"type": "origins:and",
			"conditions": [
				{
					"type": "origins:resource",
					"resource": "melody:far_powers_dash_cooldown",
					"comparison": "!=",
					"compare_to": 0
				},
				{
					"type": "origins:resource",
					"resource": "melody:far_powers_dash_backward",
					"comparison": "==",
					"compare_to": 0
				}
			]
		}
	},
	"dash_backward": {
		"type": "origins:active_self",
		"entity_action": {
			"type": "origins:add_velocity",
			"z": -2,
			"space": "local"
		},
		"cooldown": 40,
		"hud_render": {
			"should_render": true,
			"sprite_location": "origins:textures/gui/resource_bar.png",
			"bar_index": 2
		},
		"key": {
			"key": "key.back"
		},
		"condition": {
			"type": "origins:and",
			"conditions": [
				{
					"type": "origins:resource",
					"resource": "melody:far_powers_dash_cooldown",
					"comparison": "!=",
					"compare_to": 0
				},
				{
					"type": "origins:resource",
					"resource": "melody:far_powers_dash_forward",
					"comparison": "==",
					"compare_to": 0
				}
			]
		}
	},
	"walk_on_water": {
		"type": "origins:walk_on_fluid",
		"fluid": "minecraft:water",
		"condition": {
			"type": "origins:and",
			"conditions": [
				{
					"type": "origins:sprinting"
				},
				{
					"type": "origins:submerged_in",
					"fluid": "minecraft:water",
					"inverted": true
				}
			]
		}
	},
	"ignore_water": {
		"type": "origins:ignore_water",
		"condition": {
			"type": "origins:and",
			"conditions": [
				{
					"type": "origins:sprinting"
				},
				{
					"type": "origins:submerged_in",
					"fluid": "minecraft:water",
					"inverted": true
				}
			]
		}
	},
	"sonic_boom": {
		"type": "origins:action_over_time",
		"interval": 5,
		"entity_action": {
			"type": "origins:if_else",
			"condition": {
				"type": "origins:in_block_anywhere",
				"block_condition": {
					"type": "origins:block",
					"block": "minecraft:water"
				},
				"comparison": ">",
				"compare_to": 0,
				"inverted": true
			},
			"if_action": {
				"type": "origins:execute_command",
				"command": "particle minecraft:explosion ~ ~ ~",
				"permission_level": 4
			},
			"else_action": {
				"type": "origins:execute_command",
				"command": "particle minecraft:splash ~ ~0.5 ~ 0.125 0.125 0.125 1 20 force",
				"permission_level": 4
			}
		},
		"condition": {
			"type": "origins:and",
			"conditions": [
				{
					"type": "origins:sprinting"
				},
				{
					"type": "origins:submerged_in",
					"fluid": "minecraft:water",
					"inverted": true
				}
			]
		}
	},
	"exhaustion": {
		"type": "origins:modify_exhaustion",
		"modifier": {
			"operation": "multiply_base_additive",
			"amount": 1
		},
		"condition": {
			"type": "origins:and",
			"conditions": [
				{
					"type": "origins:sprinting"
				},
				{
					"type": "origins:submerged_in",
					"fluid": "minecraft:water",
					"inverted": true
				}
			]
		}
	},
	"delete_far": {
		"type": "origins:action_over_time",
		"interval": 20,
		"entity_action": {
			"type": "origins:if_else",
			"condition": {
				"type": "origins:resource",
				"resource": "melody:far_active",
				"comparison": "==",
				"compare_to": 174
			},
			"if_action": {
				"type": "origins:and",
				"actions": [
					{
						"type": "origins:execute_command",
						"command": "power remove @s melody:far_powers",
						"permission_level": 4
					},
					{
						"type": "origins:execute_command",
						"command": "power remove @s melody:far_active",
						"permission_level": 4
					},
					{
						"type": "origins:give",
						"stack": {
							"id": "minecraft:music_disc_far",
							"amount": 1
						}
					},
					{
						"type": "origins:execute_command",
						"command": "resource set @s melody:disc_cooldown 0",
						"permission_level": 4
					}
				]
			},
			"else_action": {
				"type": "origins:change_resource",
				"resource": "melody:far_active",
				"change": 1
			}
		}
	}
}