{
	"type": "origins:active_self",
	"entity_action": {
		"type": "origins:if_else",
		"condition": {
			"type": "origins:and",
			"conditions": [
				{
					"type": "origins:equipped_item",
					"equipment_slot": "mainhand",
					"item_condition": {
						"type": "origins:ingredient",
						"ingredient": {
							"item": "minecraft:music_disc_mellohi"
						}
					}
				},
				{
					"type": "origins:resource",
					"resource": "melody:is_empty",
					"comparison": "==",
					"compare_to": 1
				}
			]
		},
		"if_action": {
			"type": "origins:and",
			"actions": [
				{
					"type": "origins:execute_command",
					"command": "playsound minecraft:music_disc.mellohi record @s ~ ~ ~ 100",
					"permission_level": 4
				},
				{
					"type": "origins:equipped_item_action",
					"equipment_slot": "mainhand",
					"action": {
						"type": "origins:consume",
						"amount": 1
					}
				},
				{
					"type": "origins:execute_command",
					"command": "resource set @s melody:is_empty 0",
					"permission_level": 4
				},
				{
					"type": "origins:execute_command",
					"command": "power grant @s melody:mellohi_active",
					"permission_level": 4
				},
				{
					"type": "origins:execute_command",
					"command": "power grant @s melody:mellohi_powers",
					"permission_level": 4
				},
				{
					"type": "origins:execute_command",
					"command": "function melody:disc/mellohi",
					"permission_level": 4
				}
			]
		}
	},
	"cooldown": 5,
	"hud_render": {
		"should_render": false
	},
	"key": {
		"key": "key.origins.primary_active"
	},
	"name": "§d§l§nMELLOHI",
	"description": "A melancholic music makes you miserable :(\n§aPros: poisonous, killjoy, thunder\n§r§cCons: bad luck, slowness\n§r§6Pros/Cons: potion immunity"
}