{
    "type": "origins:multiple",
    "succesfully": {
        "type": "origins:action_on_callback",
        "entity_action_added": {
            "type": "origins:if_else",
            "condition": {
                "type": "origins:or",
                "conditions": [
                    {
                        "type": "origins:power",
                        "power": "melody:is_empty",
                        "inverted": true
                    },
                    {
                        "type": "origins:resource",
                        "resource": "melody:is_empty",
                        "comparison": "==",
                        "compare_to": 1
                    }
                ]
            },
            "if_action": {
                "type": "origins:if_else",
                "condition": {
                    "type": "origins:dimension",
                    "dimension": "melody:otherside"
                },
                "if_action": {
                    "type": "origins:and",
                    "actions": [
                        {
                            "type": "origins:trigger_cooldown",
                            "power": "melody:otherside_teleported_cooldown"
                        },
                        {
                            "type": "origins:execute_command",
                            "command": "execute in minecraft:overworld run tp ~ ~ ~"
                        },
                        {
                            "type": "origins:execute_command",
                            "command": "spreadplayers ~ ~ 0 1 false @s"
                        },
                        {
                            "type": "origins:delay",
                            "ticks": 40,
                            "action": {
                                "type": "origins:if_else",
                                "condition": {
                                    "type": "origins:command",
                                    "command": "execute if entity @e[tag=otherside_portal_opened,distance=..20]",
                                    "comparison": "==",
                                    "compare_to": 1,
                                    "inverted": true
                                },
                                "if_action": {
                                    "type": "origins:execute_command",
                                    "command": "function melody:otherside/portal"
                                }
                            }
                        }
                    ]
                },
                "else_action": {
                    "type": "origins:and",
                    "actions": [
                        {
                            "type": "origins:trigger_cooldown",
                            "power": "melody:otherside_teleported_cooldown"
                        },
                        {
                            "type": "origins:execute_command",
                            "command": "execute in melody:otherside run tp ~ ~ ~"
                        },
                        {
                            "type": "origins:execute_command",
                            "command": "spreadplayers ~ ~ 0 1 false @s"
                        }
                    ]
                }
            },
            "else_action": {
                "type": "origins:and",
                "actions": [
                    {
                        "type": "origins:execute_command",
                        "command": "power remove @s melody:otherside_teleported"
                    },
                    {
                        "type": "origins:execute_command",
                        "command": "power remove @s melody:otherside_teleported_cooldown"
                    }
                ]
            }
        }
    },
    "remove": {
        "type": "origins:action_over_time",
        "interval": 20,
        "entity_action": {
            "type": "origins:if_else",
            "condition": {
                "type": "origins:resource",
                "resource": "melody:otherside_teleported_cooldown",
                "comparison": "==",
                "compare_to": 0
            },
            "if_action": {
                "type": "origins:and",
                "actions": [
                    {
                        "type": "origins:execute_command",
                        "command": "power remove @s melody:otherside_teleported"
                    },
                    {
                        "type": "origins:execute_command",
                        "command": "power remove @s melody:otherside_teleported_cooldown"
                    }
                ]
            }
        }
    }
}