{
	"type": "origins:multiple",
	"opening_portal": {
		"type": "origins:action_on_callback",
		"entity_action_added": {
			"type": "origins:and",
			"actions": [
				{
					"type": "origins:execute_command",
					"command": "particle minecraft:totem_of_undying ~ ~1 ~ 0.1 0.1 0.1 0.8 100"
				},
				{
					"type": "origins:execute_command",
					"command": "particle minecraft:end_rod ~ ~1 ~ 0.4 0.4 0.4 0.2 50"
				},
				{
					"type": "origins:execute_command",
					"command": "particle minecraft:dragon_breath ~ ~1 ~ 0.4 0.4 0.4 0.2 100"
				},
				{
					"type": "origins:execute_command",
					"command": "playsound minecraft:entity.player.levelup ambient @a ~ ~ ~ 1 1"
				}
			]
		}
	},
	"visual_audio_effects": {
		"type": "origins:action_over_time",
		"interval": 4,
		"entity_action": {
			"type": "origins:and",
			"actions": [
				{
					"type": "origins:execute_command",
					"command": "particle minecraft:entity_effect ~ ~ ~ 0 1 0 1 100"
				},
				{
					"type": "origins:choice",
					"actions": [
						{
							"element": {
								"type": "origins:and",
								"actions": [
									{
										"type": "origins:execute_command",
										"command": "playsound minecraft:block.note_block.chime ambient @a ~ ~ ~ 1 0.707107"
									},
									{
										"type": "origins:execute_command",
										"command": "particle minecraft:note ~ ~1 ~ 1 1 1 1 10 force"
									}
								]
							},
							"weight": 1
						},
						{
							"element": {
								"type": "origins:and",
								"actions": [
									{
										"type": "origins:execute_command",
										"command": "playsound minecraft:block.note_block.chime ambient @a ~ ~ ~ 1 0.793701"
									},
									{
										"type": "origins:execute_command",
										"command": "particle minecraft:note ~ ~1 ~ 1 1 1 1 10 force"
									}
								]
							},
							"weight": 1
						},
						{
							"element": {
								"type": "origins:and",
								"actions": [
									{
										"type": "origins:execute_command",
										"command": "playsound minecraft:block.note_block.chime ambient @a ~ ~ ~ 1 0.890899"
									},
									{
										"type": "origins:execute_command",
										"command": "particle minecraft:note ~ ~1 ~ 1 1 1 1 10 force"
									}
								]
							},
							"weight": 1
						},
						{
							"element": {
								"type": "origins:and",
								"actions": [
									{
										"type": "origins:execute_command",
										"command": "playsound minecraft:block.note_block.chime ambient @a ~ ~ ~ 1 0.943874"
									},
									{
										"type": "origins:execute_command",
										"command": "particle minecraft:note ~ ~1 ~ 1 1 1 1 10 force"
									}
								]
							},
							"weight": 1
						},
						{
							"element": {
								"type": "origins:and",
								"actions": [
									{
										"type": "origins:execute_command",
										"command": "playsound minecraft:block.note_block.chime ambient @a ~ ~ ~ 1 1.059463"
									},
									{
										"type": "origins:execute_command",
										"command": "particle minecraft:note ~ ~1 ~ 1 1 1 1 10 force"
									}
								]
							},
							"weight": 1
						},
						{
							"element": {
								"type": "origins:and",
								"actions": [
									{
										"type": "origins:execute_command",
										"command": "playsound minecraft:block.note_block.chime ambient @a ~ ~ ~ 1 1.189207"
									},
									{
										"type": "origins:execute_command",
										"command": "particle minecraft:note ~ ~1 ~ 1 1 1 1 10 force"
									}
								]
							},
							"weight": 1
						},
						{
							"element": {
								"type": "origins:and",
								"actions": [
									{
										"type": "origins:execute_command",
										"command": "playsound minecraft:block.note_block.chime ambient @a ~ ~ ~ 1 1.334840"
									},
									{
										"type": "origins:execute_command",
										"command": "particle minecraft:note ~ ~1 ~ 1 1 1 1 10 force"
									}
								]
							},
							"weight": 1
						},
						{
							"element": {
								"type": "origins:and",
								"actions": [
									{
										"type": "origins:execute_command",
										"command": "playsound minecraft:block.note_block.chime ambient @a ~ ~ ~ 1 1.414214"
									},
									{
										"type": "origins:execute_command",
										"command": "particle minecraft:note ~ ~1 ~ 1 1 1 1 10 force"
									}
								]
							},
							"weight": 1
						},
						{
							"element": {
								"type": "origins:nothing"
							},
							"weight": 20
						}
					]
				}
			]
		},
		"condition": {
			"type": "origins:command",
			"command": "execute if entity @s[tag=otherside_portal_opened]",
			"comparison": "==",
			"compare_to": 1
		}
	},
	"teleport": {
		"type": "origins:action_over_time",
		"interval": 40,
		"entity_action": {
			"type": "origins:and",
			"actions": [
				{
					"type": "origins:execute_command",
					"command": "power grant @e[distance=..1,type=!armor_stand, type=!area_effect_cloud] melody:otherside_teleported_cooldown"
				},
				{
					"type": "origins:execute_command",
					"command": "power grant @e[distance=..1,type=!armor_stand, type=!area_effect_cloud] melody:otherside_teleported"
				}
			]
		},
		"condition": {
			"type": "origins:command",
			"command": "execute if entity @s[tag=otherside_portal_opened]",
			"comparison": "==",
			"compare_to": 1
		}
	}
}