{
	"type": "origins:multiple",
	"fire_immunity": {
		"type": "origins:invulnerability",
		"damage_condition": {
			"type": "origins:fire"
		}
	},
	"fireball": {
		"type": "origins:fire_projectile",
		"entity_type": "minecraft:small_fireball",
		"cooldown": 120,
		"hud_render": {
			"should_render": true,
			"sprite_location": "origins:textures/gui/community/huang/resource_bar_01.png",
			"bar_index": 7
		},
		"count": 1,
		"speed": 1,
		"sound": "minecraft:entity.blaze.shoot",
		"key": {
			"key": "key.origins.secondary_active"
		}
	},
	"lava_swimmer": {
		"type": "origins:swimming",
		"condition": {
			"type": "origins:submerged_in",
			"fluid": "minecraft:lava"
		}
	},
	"lava_vision": {
		"type": "origins:lava_vision",
		"s": 0,
		"v": 15
	},
	"flames": {
		"type": "origins:particle",
		"particle": "minecraft:flame",
		"frequency": 4
	},
	"hates_water": {
		"type": "origins:action_on_callback",
		"entity_action_added": {
			"type": "origins:execute_command",
			"command": "power grant @s origins:water_vulnerability",
			"permission_level": 4
		},
		"entity_action_removed": {
			"type": "origins:execute_command",
			"command": "power remove @s origins:water_vulnerability",
			"permission_level": 4
		}
	},
	"delete_pigstep": {
		"type": "origins:action_over_time",
		"interval": 20,
		"entity_action": {
			"type": "origins:if_else",
			"condition": {
				"type": "origins:resource",
				"resource": "melody:pigstep_active",
				"comparison": "==",
				"compare_to": 148
			},
			"if_action": {
				"type": "origins:and",
				"actions": [
					{
						"type": "origins:execute_command",
						"command": "power remove @s melody:pigstep_powers",
						"permission_level": 4
					},
					{
						"type": "origins:execute_command",
						"command": "power remove @s melody:pigstep_active",
						"permission_level": 4
					},
					{
						"type": "origins:give",
						"stack": {
							"id": "minecraft:music_disc_pigstep",
							"count": 1
						}
					},
					{
						"type": "origins:execute_command",
						"command": "resource set @s melody:disc_cooldown 0",
						"permission_level": 4
					}
				]
			},
			"else_action": {
				"type": "origins:change_resource",
				"resource": "melody:pigstep_active",
				"change": 1
			}
		}
	}
}