{
	"type": "origins:multiple",
	"wind_charge": {
		"type": "origins:fire_projectile",
		"entity_type": "minecraft:breeze_wind_charge",
		"cooldown": 120,
		"hud_render": {
			"should_render": true,
			"sprite_location": "origins:textures/gui/community/huang/resource_bar_01.png",
			"bar_index": 12
		},
		"count": 1,
		"speed": 1,
		"key": {
			"key": "key.origins.secondary_active"
		},
		"shooter_action": {
			"type": "origins:swing_hand"
		},
        "condition": {
            "type": "origins:on_block"
        }
	},
    "air_scooter": {
		"type": "origins:active_self",
		"cooldown": 400,
		"entity_action": {
			"type": "origins:and",
			"actions": [
				{
					"type": "origins:spawn_entity",
					"entity_type": "minecraft:wind_charge",
					"tag": "{Tags:['scooter'],acceleration_power:0.0d,Marker:1b}"
				},
				{
					"type": "origins:play_sound",
					"sound": "minecraft:item.trident.riptide_1"
				},
				{
					"type": "origins:execute_command",
					"command": "particle minecraft:gust ~ ~0.5 ~ 0 0 0 1 1"
				},
				{
					"type": "origins:execute_command",
					"command": "ride @s mount @n[tag=scooter]"
				}
			]
		},
		"hud_render": {
			"should_render": true,
			"sprite_location": "origins:textures/gui/community/huang/resource_bar_01.png",
			"bar_index": 3
		},
		"key": {
			"key": "key.origins.secondary_active"
		},
        "condition": {
            "type": "origins:on_block",
            "inverted": true
        }
	},
	"steer_air_scooter": {
		"type": "origins:action_over_time",
		"interval": 1,
		"entity_action": {
			"type": "origins:execute_command",
			"command": "tp @n[tag=scooter] ^ ^0.3 ^0.25"
		},
		"falling_action": {
			"type": "origins:and",
			"actions": [
				{
					"type": "origins:execute_command",
					"command": "kill @n[tag=scooter,distance=..2]"
				},
				{
					"type": "origins:play_sound",
					"sound": "minecraft:entity.wind_charge.wind_burst"
				},
				{
					"type": "origins:execute_command",
					"command": "particle minecraft:gust ~ ~0.5 ~ 0 0 0 1 1"
				}
			]
		},
		"condition": {
			"type": "origins:and",
			"conditions": [
				{
					"type": "origins:riding",
					"bientity_condition": {
						"type": "origins:target_condition",
						"condition": {
							"type": "origins:nbt",
							"nbt": "{Tags:['scooter']}"
						}
					}
				},
				{
					"type": "origins:block_collision",
					"offset_x": 0.5,
					"offset_y": 0.5,
					"offset_z": 1.0,
					"inverted": true
				},
				{
					"type": "origins:submerged_in",
					"fluid": "minecraft:water",
					"inverted": true
				},
				{
					"type": "origins:submerged_in",
					"fluid": "minecraft:lava",
					"inverted": true
				},
				{
					"type": "origins:resource",
					"resource": "melody:precipice_powers_air_scooter",
					"comparison": ">",
					"compare_to": 0
				}
			]
		}
	},
	"tornado_cooldown": {
		"type": "origins:cooldown",
    	"cooldown": 600,
    	"hud_render": {
    	    "should_render": true,
			"sprite_location": "origins:textures/gui/community/huang/resource_bar_01.png",
			"bar_index": 8
    	}
	},
	"tornado": {
		"type": "origins:action_on_entity_use",
		"bientity_action": {
			"type": "origins:and",
			"actions": [
				{
					"type": "origins:target_action",
					"action": {
						"type": "origins:and",
						"actions": [
							{
								"type": "origins:add_velocity",
								"y": 2
							},
							{
								"type": "origins:execute_command",
								"command": "particle minecraft:gust ~ ~ ~ 0.5 0.5 0.5 1 5"
							},
							{
								"type": "origins:execute_command",
								"command": "particle minecraft:gust_emitter_small ~ ~2 ~ 0.5 0.5 0.5 1 5"
							},
							{
								"type": "origins:execute_command",
								"command": "particle minecraft:gust_emitter_large ~ ~4 ~ 0.5 0.5 0.5 1 5"
							},
							{
								"type": "origins:play_sound",
								"sound": "minecraft:entity.wither.shoot",
								"pitch": 0.5
							}
						]
					}
				},
				{
					"type": "origins:actor_action",
					"action": {
						"type": "origins:and",
						"actions": [
							{
								"type": "origins:trigger_cooldown",
								"power": "melody:precipice_powers_tornado_cooldown"
							},
							{
								"type": "origins:play_sound",
								"sound": "minecraft:entity.breeze.jump"
							}
						]
						
					}
				}
			]
		},
		"held_item_action": {
			"type": "origins:consume",
			"amount": 1
		},
		"item_condition": {
			"type": "origins:ingredient",
			"ingredient": {
				"item": "minecraft:breeze_rod"
			}
		},
		"condition": {
			"type": "origins:resource",
			"resource": "melody:precipice_powers_tornado_cooldown",
			"comparison": "==",
			"compare_to": 0
		}
	},
	"like_a_feather_gravity": {
		"type": "origins:modify_attribute",
		"attribute": "minecraft:generic.gravity",
		"modifier": {
			"operation": "multiply_base_multiplicative",
			"amount": -0.5
		}
	},
	"like_a_feather_damage": {
		"type": "origins:modify_damage_taken",
		"damage_condition": {
			"type": "origins:name",
			"name": "fall"
		},
		"modifier": {
			"operation": "multiply_base_multiplicative",
			"amount": -0.75
		}
	},
	"no_wind_damage": {
		"type": "origins:modify_damage_taken",
		"damage_condition": {
			"type": "origins:projectile",
			"projectile_conditions": {
				"type": "origins:or",
				"conditions": [
					{
						"type": "origins:entity_type",
						"entity_type": "minecraft:breeze_wind_charge"
					},
					{
						"type": "origins:entity_type",
						"entity_type": "minecraft:wind_charge"
					}
				]
			}
		},
		"modifier": {
			"operation": "set_total",
			"amount": 0
		}
	},
	"vegetarian": {
		"type": "origins:prevent_item_use",
		"item_condition": {
			"type": "origins:ingredient",
			"ingredient": {
				"tag": "minecraft:meat"
			}
		}
	},
	"weakness": {
		"type": "origins:stacking_status_effect",
		"min_stacks": 0,
		"max_stacks": 1,
		"duration_per_stack": 20,
		"effect": {
			"id": "minecraft:weakness",
			"is_ambient": true,
			"show_particles": false,
			"show_icon": false
		}
	},
	"delete_precipice": {
		"type": "origins:action_over_time",
		"interval": 20,
		"entity_action": {
			"type": "origins:if_else",
			"condition": {
				"type": "origins:resource",
				"resource": "melody:precipice_active",
				"comparison": "==",
				"compare_to": 300
			},
			"if_action": {
				"type": "origins:and",
				"actions": [
					{
						"type": "origins:execute_command",
						"command": "power remove @s melody:precipice_powers",
						"permission_level": 4
					},
					{
						"type": "origins:execute_command",
						"command": "power remove @s melody:precipice_active",
						"permission_level": 4
					},
					{
						"type": "origins:give",
						"stack": {
							"id": "minecraft:music_disc_precipice",
							"count": 1
						}
					},
					{
						"type": "origins:execute_command",
						"command": "resource set @s melody:disc_cooldown 0",
						"permission_level": 4
					}
				]
			},
			"else_action": {
				"type": "origins:change_resource",
				"resource": "melody:precipice_active",
				"change": 1
			}
		}
	}
}