{
    "type": "origins:multiple",
    "check_if_traped": {
        "type": "origins:action_over_time",
        "interval": 5,
        "entity_action": {
            "type": "origins:execute_command",
            "command": "power remove @s melody:relic_pitcher_plant"
        },
        "condition": {
            "type": "origins:in_block_anywhere",
            "block_condition": {
                "type": "origins:block",
                "block": "minecraft:pitcher_plant"
            },
            "inverted": true
        }
    },
    "remove_if_died": {
        "type": "origins:action_when_damage_taken",
		"entity_action": {
			"type": "origins:execute_command",
			"command": "power remove @s melody:relic_pitcher_plant"
		},
		"cooldown": 1,
		"condition": {
			"type": "origins:health",
			"comparison": "<=",
			"compare_to": 0
		}
    },
    "inside": {
        "type": "origins:invisibility",
        "render_armor": false,
        "render_ouline": false
    },
    "poisoned": {
        "type": "origins:stacking_status_effect",
        "min_stacks": 2,
        "max_stacks": 3,
        "duration_per_stack": 20,
        "tick_rate": 20,
        "effect": {
            "id": "minecraft:poison",
            "amplifier": 0,
            "is_ambient": true,
            "show_particles": true,
            "show_icon": true
        }
    },
    "immobility": {
        "type": "origins:modify_velocity",
        "modifier": {
          "amount": 0,
          "operation": "set_total"
        },
        "axes": [
          "x",
          "y",
          "z"
        ]
    },
    "cant_hit": {
        "type": "origins:modify_damage_dealt",
        "modifier": {
            "operation": "set_total",
            "amount": 0
        }
    },
    "cant_break": {
        "type": "origins:modify_break_speed",
        "modifier": {
            "operation": "set_total",
            "amount": -1
        }
    },
    "cant_interact": {
        "type": "origins:prevent_block_use"
    },
    "no_collision": {
        "type": "origins:prevent_entity_collision"
    },
    "no_damage": {
        "type": "origins:modify_damage_taken",
		"modifier": {
			"operation": "set_total",
			"amount": 0
		},
        "damage_condition": {
            "type": "origins:attacker"
        }
    }
}