{
    "type": "minecraft:ore",
    "config": {
        "size": 48,
        "discard_chance_on_air_exposure": 0.0,
        "targets": [
            {
                "target": {
                    "predicate_type": "minecraft:block_match",
                    "block": "minecraft:basalt"
                },
                "state": {
                    "Name": "minecraft:nether_wart_block"
                }
            },
            {
                "target": {
                    "predicate_type": "minecraft:block_match",
                    "block": "minecraft:smooth_basalt"
                },
                "state": {
                    "Name": "minecraft:warped_wart_block"
                }
            }
        ]
    }
}