{
    "config": {
      "tries": 32,
      "xz_spread": 2,
      "y_spread": 0,
      "feature": {
        "feature": {
          "config": {
            "to_place": {
              "entries": [
                {
                    "data": {
                        "Name": "minecraft:small_amethyst_bud",
                        "Properties": {
                            "facing": "up"
                        }
                    },
                    "weight": 2
                },
                {
                    "data": {
                        "Name": "minecraft:medium_amethyst_bud",
                        "Properties": {
                            "facing": "up"
                        }
                    },
                    "weight": 2
                },
                {
                    "data": {
                        "Name": "minecraft:large_amethyst_bud",
                        "Properties": {
                            "facing": "up"
                        }
                    },
                    "weight": 2
                },
                {
                    "data": {
                        "Name": "minecraft:amethyst_cluster",
                        "Properties": {
                            "facing": "up"
                        }
                    },
                    "weight": 1
                }
              ],
              "type": "minecraft:weighted_state_provider"
            }
          },
          "type": "minecraft:simple_block"
        },
        "placement": [
          {
            "predicate": {
              "predicates": [
                {
                  "type": "minecraft:replaceable"
                },
                {
                  "offset": [
                    0,
                    -1,
                    0
                  ],
                  "blocks": [
                    "minecraft:budding_amethyst",
                    "minecraft:amethyst_block"
                  ],
                  "type": "minecraft:matching_blocks"
                }
              ],
              "type": "minecraft:all_of"
            },
            "type": "minecraft:block_predicate_filter"
          }
        ]
      }
    },
    "type": "minecraft:random_patch"
  }