{
    "config": {
      "features": [
        {
          "feature": {
            "feature": "melody:large_oak",
            "placement": []
          },
          "chance": 0.3
        },
        {
          "feature": {
            "feature": "melody:small_dark_oak",
            "placement": []
          },
          "chance": 0.4
        },
        {
          "feature": {
            "feature": "minecraft:birch_bees_002",
            "placement": []
          },
          "chance": 0.3
        }
      ],
      "default": {
        "feature": "minecraft:dark_oak",
        "placement": []
      }
    },
    "type": "minecraft:random_selector"
  }